chunk_id,section_id,chunk_order_within_section,filename,word_count,overlap_previous,overlap_next,date_text,recipient,notes
1975-02-27_Claudia_01,SECTION_001,1,1975-02-27_Claudia_01.txt,2000,0,200,"February 27, 1975",Claudia,
1975-02-27_Claudia_02,SECTION_001,2,1975-02-27_Claudia_02.txt,2000,200,200,"February 27, 1975",Claudia,
1975-02-27_Claudia_03,SECTION_001,3,1975-02-27_Claudia_03.txt,2000,200,200,"February 27, 1975",Claudia,
1975-02-27_Claudia_04,SECTION_001,4,1975-02-27_Claudia_04.txt,202,200,0,"February 27, 1975",Claudia,
1975-03-02_Phyllis_01,SECTION_002,1,1975-03-02_Phyllis_01.txt,401,0,0,"March 2, 1975",Phyllis,
U_Tony_01,SECTION_003,1,U_Tony_01.txt,2000,0,200,,Tony,
U_Tony_02,SECTION_003,2,U_Tony_02.txt,803,200,0,,Tony,
U_Claudia_01,SECTION_004,1,U_Claudia_01.txt,2000,0,200,,Claudia,
U_Claudia_02,SECTION_004,2,U_Claudia_02.txt,347,200,0,,Claudia,
1975-03-05_Ursula_01,SECTION_005,1,1975-03-05_Ursula_01.txt,1991,0,0,"March 5, 1975",Ursula,
1975-03-05_Ursula_02,SECTION_005,2,1975-03-05_Ursula_02.txt,191,200,0,"March 5, 1975",Ursula,
1975-03-04_SECTION_006_01,SECTION_006,1,1975-03-04_SECTION_006_01.txt,1072,0,0,"March 4, 1975",,
U_Henry_01,SECTION_007,1,U_Henry_01.txt,2000,0,200,"February 29, 1975",Henry,
U_Henry_02,SECTION_007,2,U_Henry_02.txt,616,200,0,"February 29, 1975",Henry,
U_Claudia_01,SECTION_008,1,U_Claudia_01.txt,2000,0,200,,Claudia,
U_Claudia_02,SECTION_008,2,U_Claudia_02.txt,997,200,0,,Claudia,
U_Claudia_01,SECTION_009,1,U_Claudia_01.txt,2000,0,200,,Claudia,
U_Claudia_02,SECTION_009,2,U_Claudia_02.txt,2000,200,200,,Claudia,
U_Claudia_03,SECTION_009,3,U_Claudia_03.txt,1461,200,0,,Claudia,
U_Claudia_01,SECTION_010,1,U_Claudia_01.txt,2000,0,200,,Claudia,
U_Claudia_02,SECTION_010,2,U_Claudia_02.txt,2000,200,200,,Claudia,
U_Claudia_03,SECTION_010,3,U_Claudia_03.txt,2000,200,200,,Claudia,
U_Claudia_04,SECTION_010,4,U_Claudia_04.txt,2000,200,200,,Claudia,
U_Claudia_05,SECTION_010,5,U_Claudia_05.txt,2000,200,200,,Claudia,
U_Claudia_06,SECTION_010,6,U_Claudia_06.txt,2000,200,200,,Claudia,
U_Claudia_07,SECTION_010,7,U_Claudia_07.txt,2000,200,200,,Claudia,
U_Claudia_08,SECTION_010,8,U_Claudia_08.txt,2000,200,200,,Claudia,
U_Claudia_09,SECTION_010,9,U_Claudia_09.txt,2000,200,200,,Claudia,
U_Claudia_10,SECTION_010,10,U_Claudia_10.txt,2000,200,200,,Claudia,
U_Claudia_11,SECTION_010,11,U_Claudia_11.txt,2000,200,200,,Claudia,
U_Claudia_12,SECTION_010,12,U_Claudia_12.txt,2000,200,200,,Claudia,
U_Claudia_13,SECTION_010,13,U_Claudia_13.txt,2000,200,200,,Claudia,
U_Claudia_14,SECTION_010,14,U_Claudia_14.txt,2000,200,200,,Claudia,
U_Claudia_15,SECTION_010,15,U_Claudia_15.txt,2000,200,200,,Claudia,
U_Claudia_16,SECTION_010,16,U_Claudia_16.txt,2000,200,200,,Claudia,
U_Claudia_17,SECTION_010,17,U_Claudia_17.txt,2000,200,200,,Claudia,
U_Claudia_18,SECTION_010,18,U_Claudia_18.txt,2000,200,200,,Claudia,
U_Claudia_19,SECTION_010,19,U_Claudia_19.txt,2000,200,200,,Claudia,
U_Claudia_20,SECTION_010,20,U_Claudia_20.txt,2000,200,200,,Claudia,
U_Claudia_21,SECTION_010,21,U_Claudia_21.txt,2000,200,200,,Claudia,
U_Claudia_22,SECTION_010,22,U_Claudia_22.txt,2000,200,200,,Claudia,
U_Claudia_23,SECTION_010,23,U_Claudia_23.txt,2000,200,200,,Claudia,
U_Claudia_24,SECTION_010,24,U_Claudia_24.txt,2000,200,200,,Claudia,
U_Claudia_25,SECTION_010,25,U_Claudia_25.txt,2000,200,200,,Claudia,
U_Claudia_26,SECTION_010,26,U_Claudia_26.txt,2000,200,200,,Claudia,
U_Claudia_27,SECTION_010,27,U_Claudia_27.txt,2000,200,200,,Claudia,
U_Claudia_28,SECTION_010,28,U_Claudia_28.txt,2000,200,200,,Claudia,
U_Claudia_29,SECTION_010,29,U_Claudia_29.txt,2000,200,200,,Claudia,
U_Claudia_30,SECTION_010,30,U_Claudia_30.txt,2000,200,200,,Claudia,
U_Claudia_31,SECTION_010,31,U_Claudia_31.txt,2000,200,200,,Claudia,
U_Claudia_32,SECTION_010,32,U_Claudia_32.txt,2000,200,200,,Claudia,
U_Claudia_33,SECTION_010,33,U_Claudia_33.txt,2000,200,200,,Claudia,
U_Claudia_34,SECTION_010,34,U_Claudia_34.txt,2000,200,200,,Claudia,
U_Claudia_35,SECTION_010,35,U_Claudia_35.txt,2000,200,200,,Claudia,
U_Claudia_36,SECTION_010,36,U_Claudia_36.txt,2000,200,200,,Claudia,
U_Claudia_37,SECTION_010,37,U_Claudia_37.txt,2000,200,200,,Claudia,
U_Claudia_38,SECTION_010,38,U_Claudia_38.txt,2000,200,200,,Claudia,
U_Claudia_39,SECTION_010,39,U_Claudia_39.txt,2000,200,200,,Claudia,
U_Claudia_40,SECTION_010,40,U_Claudia_40.txt,2000,200,200,,Claudia,
U_Claudia_41,SECTION_010,41,U_Claudia_41.txt,2000,200,200,,Claudia,
U_Claudia_42,SECTION_010,42,U_Claudia_42.txt,2000,200,200,,Claudia,
U_Claudia_43,SECTION_010,43,U_Claudia_43.txt,2000,200,200,,Claudia,
U_Claudia_44,SECTION_010,44,U_Claudia_44.txt,2000,200,200,,Claudia,
U_Claudia_45,SECTION_010,45,U_Claudia_45.txt,2000,200,200,,Claudia,
U_Claudia_46,SECTION_010,46,U_Claudia_46.txt,2000,200,200,,Claudia,
U_Claudia_47,SECTION_010,47,U_Claudia_47.txt,2000,200,200,,Claudia,
U_Claudia_48,SECTION_010,48,U_Claudia_48.txt,2000,200,200,,Claudia,
U_Claudia_49,SECTION_010,49,U_Claudia_49.txt,2000,200,200,,Claudia,
U_Claudia_50,SECTION_010,50,U_Claudia_50.txt,1254,200,0,,Claudia,
1975-09-17_Doris_01,SECTION_011,1,1975-09-17_Doris_01.txt,1635,0,0,"September 17, 1975",Doris,
1975-09-15_SECTION_012_01,SECTION_012,1,1975-09-15_SECTION_012_01.txt,2000,0,200,"September 15, 1975",,
1975-09-15_SECTION_012_02,SECTION_012,2,1975-09-15_SECTION_012_02.txt,2000,200,200,"September 15, 1975",,
1975-09-15_SECTION_012_03,SECTION_012,3,1975-09-15_SECTION_012_03.txt,2000,200,200,"September 15, 1975",,
1975-09-15_SECTION_012_04,SECTION_012,4,1975-09-15_SECTION_012_04.txt,910,200,0,"September 15, 1975",,
1975-11-05_SECTION_013_01,SECTION_013,1,1975-11-05_SECTION_013_01.txt,2000,0,200,"November 5, 1975",,
1975-11-05_SECTION_013_02,SECTION_013,2,1975-11-05_SECTION_013_02.txt,2000,200,200,"November 5, 1975",,
1975-11-05_SECTION_013_03,SECTION_013,3,1975-11-05_SECTION_013_03.txt,2000,200,200,"November 5, 1975",,
1975-11-05_SECTION_013_04,SECTION_013,4,1975-11-05_SECTION_013_04.txt,2000,200,200,"November 5, 1975",,
1975-11-05_SECTION_013_05,SECTION_013,5,1975-11-05_SECTION_013_05.txt,2000,200,200,"November 5, 1975",,
1975-11-05_SECTION_013_06,SECTION_013,6,1975-11-05_SECTION_013_06.txt,2000,200,200,"November 5, 1975",,
1975-11-05_SECTION_013_07,SECTION_013,7,1975-11-05_SECTION_013_07.txt,2000,200,200,"November 5, 1975",,
1975-11-05_SECTION_013_08,SECTION_013,8,1975-11-05_SECTION_013_08.txt,2000,200,200,"November 5, 1975",,
1975-11-05_SECTION_013_09,SECTION_013,9,1975-11-05_SECTION_013_09.txt,2000,200,200,"November 5, 1975",,
1975-11-05_SECTION_013_10,SECTION_013,10,1975-11-05_SECTION_013_10.txt,2000,200,200,"November 5, 1975",,
1975-11-05_SECTION_013_11,SECTION_013,11,1975-11-05_SECTION_013_11.txt,2000,200,200,"November 5, 1975",,
1975-11-05_SECTION_013_12,SECTION_013,12,1975-11-05_SECTION_013_12.txt,2000,200,200,"November 5, 1975",,
1975-11-05_SECTION_013_13,SECTION_013,13,1975-11-05_SECTION_013_13.txt,2000,200,200,"November 5, 1975",,
1975-11-05_SECTION_013_14,SECTION_013,14,1975-11-05_SECTION_013_14.txt,2000,200,200,"November 5, 1975",,
1975-11-05_SECTION_013_15,SECTION_013,15,1975-11-05_SECTION_013_15.txt,2000,200,200,"November 5, 1975",,
1975-11-05_SECTION_013_16,SECTION_013,16,1975-11-05_SECTION_013_16.txt,2000,200,200,"November 5, 1975",,
1975-11-05_SECTION_013_17,SECTION_013,17,1975-11-05_SECTION_013_17.txt,2000,200,200,"November 5, 1975",,
1975-11-05_SECTION_013_18,SECTION_013,18,1975-11-05_SECTION_013_18.txt,2000,200,200,"November 5, 1975",,
1975-11-05_SECTION_013_19,SECTION_013,19,1975-11-05_SECTION_013_19.txt,2000,200,200,"November 5, 1975",,
1975-11-05_SECTION_013_20,SECTION_013,20,1975-11-05_SECTION_013_20.txt,1368,200,0,"November 5, 1975",,
1976-09-12_Dorothy_01,SECTION_014,1,1976-09-12_Dorothy_01.txt,2000,0,200,"September 12, 1976",Dorothy,
1976-09-12_Dorothy_02,SECTION_014,2,1976-09-12_Dorothy_02.txt,497,200,0,"September 12, 1976",Dorothy,
1976-09-15_Dorothy_01,SECTION_015,1,1976-09-15_Dorothy_01.txt,2000,0,200,"September 15, 1976",Dorothy,
1976-09-15_Dorothy_02,SECTION_015,2,1976-09-15_Dorothy_02.txt,2000,200,200,"September 15, 1976",Dorothy,
1976-09-15_Dorothy_03,SECTION_015,3,1976-09-15_Dorothy_03.txt,2000,200,200,"September 15, 1976",Dorothy,
1976-09-15_Dorothy_04,SECTION_015,4,1976-09-15_Dorothy_04.txt,2000,200,200,"September 15, 1976",Dorothy,
1976-09-15_Dorothy_05,SECTION_015,5,1976-09-15_Dorothy_05.txt,2000,200,200,"September 15, 1976",Dorothy,
1976-09-15_Dorothy_06,SECTION_015,6,1976-09-15_Dorothy_06.txt,2000,200,200,"September 15, 1976",Dorothy,
1976-09-15_Dorothy_07,SECTION_015,7,1976-09-15_Dorothy_07.txt,2000,200,200,"September 15, 1976",Dorothy,
1976-09-15_Dorothy_08,SECTION_015,8,1976-09-15_Dorothy_08.txt,2000,200,200,"September 15, 1976",Dorothy,
1976-09-15_Dorothy_09,SECTION_015,9,1976-09-15_Dorothy_09.txt,2000,200,200,"September 15, 1976",Dorothy,
1976-09-15_Dorothy_10,SECTION_015,10,1976-09-15_Dorothy_10.txt,2000,200,200,"September 15, 1976",Dorothy,
1976-09-15_Dorothy_11,SECTION_015,11,1976-09-15_Dorothy_11.txt,2000,200,200,"September 15, 1976",Dorothy,
1976-09-15_Dorothy_12,SECTION_015,12,1976-09-15_Dorothy_12.txt,2000,200,200,"September 15, 1976",Dorothy,
1976-09-15_Dorothy_13,SECTION_015,13,1976-09-15_Dorothy_13.txt,2000,200,200,"September 15, 1976",Dorothy,
1976-09-15_Dorothy_14,SECTION_015,14,1976-09-15_Dorothy_14.txt,2000,200,200,"September 15, 1976",Dorothy,
1976-09-15_Dorothy_15,SECTION_015,15,1976-09-15_Dorothy_15.txt,2000,200,200,"September 15, 1976",Dorothy,
1976-09-15_Dorothy_16,SECTION_015,16,1976-09-15_Dorothy_16.txt,2000,200,200,"September 15, 1976",Dorothy,
1976-09-15_Dorothy_17,SECTION_015,17,1976-09-15_Dorothy_17.txt,2000,200,200,"September 15, 1976",Dorothy,
1976-09-15_Dorothy_18,SECTION_015,18,1976-09-15_Dorothy_18.txt,2000,200,200,"September 15, 1976",Dorothy,
1976-09-15_Dorothy_19,SECTION_015,19,1976-09-15_Dorothy_19.txt,2000,200,200,"September 15, 1976",Dorothy,
1976-09-15_Dorothy_20,SECTION_015,20,1976-09-15_Dorothy_20.txt,2000,200,200,"September 15, 1976",Dorothy,
1976-09-15_Dorothy_21,SECTION_015,21,1976-09-15_Dorothy_21.txt,2000,200,200,"September 15, 1976",Dorothy,
1976-09-15_Dorothy_22,SECTION_015,22,1976-09-15_Dorothy_22.txt,2000,200,200,"September 15, 1976",Dorothy,
1976-09-15_Dorothy_23,SECTION_015,23,1976-09-15_Dorothy_23.txt,2000,200,200,"September 15, 1976",Dorothy,
1976-09-15_Dorothy_24,SECTION_015,24,1976-09-15_Dorothy_24.txt,2000,200,200,"September 15, 1976",Dorothy,
1976-09-15_Dorothy_25,SECTION_015,25,1976-09-15_Dorothy_25.txt,2000,200,200,"September 15, 1976",Dorothy,
1976-09-15_Dorothy_26,SECTION_015,26,1976-09-15_Dorothy_26.txt,2000,200,200,"September 15, 1976",Dorothy,
1976-09-15_Dorothy_27,SECTION_015,27,1976-09-15_Dorothy_27.txt,2000,200,200,"September 15, 1976",Dorothy,
1976-09-15_Dorothy_28,SECTION_015,28,1976-09-15_Dorothy_28.txt,2000,200,200,"September 15, 1976",Dorothy,
1976-09-15_Dorothy_29,SECTION_015,29,1976-09-15_Dorothy_29.txt,2000,200,200,"September 15, 1976",Dorothy,
1976-09-15_Dorothy_30,SECTION_015,30,1976-09-15_Dorothy_30.txt,2000,200,200,"September 15, 1976",Dorothy,
1976-09-15_Dorothy_31,SECTION_015,31,1976-09-15_Dorothy_31.txt,2000,200,200,"September 15, 1976",Dorothy,
1976-09-15_Dorothy_32,SECTION_015,32,1976-09-15_Dorothy_32.txt,2000,200,200,"September 15, 1976",Dorothy,
1976-09-15_Dorothy_33,SECTION_015,33,1976-09-15_Dorothy_33.txt,2000,200,200,"September 15, 1976",Dorothy,
1976-09-15_Dorothy_34,SECTION_015,34,1976-09-15_Dorothy_34.txt,2000,200,200,"September 15, 1976",Dorothy,
1976-09-15_Dorothy_35,SECTION_015,35,1976-09-15_Dorothy_35.txt,2000,200,200,"September 15, 1976",Dorothy,
1976-09-15_Dorothy_36,SECTION_015,36,1976-09-15_Dorothy_36.txt,2000,200,200,"September 15, 1976",Dorothy,
1976-09-15_Dorothy_37,SECTION_015,37,1976-09-15_Dorothy_37.txt,2000,200,200,"September 15, 1976",Dorothy,
1976-09-15_Dorothy_38,SECTION_015,38,1976-09-15_Dorothy_38.txt,2000,200,200,"September 15, 1976",Dorothy,
1976-09-15_Dorothy_39,SECTION_015,39,1976-09-15_Dorothy_39.txt,2000,200,200,"September 15, 1976",Dorothy,
1976-09-15_Dorothy_40,SECTION_015,40,1976-09-15_Dorothy_40.txt,2000,200,200,"September 15, 1976",Dorothy,
1976-09-15_Dorothy_41,SECTION_015,41,1976-09-15_Dorothy_41.txt,2000,200,200,"September 15, 1976",Dorothy,
1976-09-15_Dorothy_42,SECTION_015,42,1976-09-15_Dorothy_42.txt,2000,200,200,"September 15, 1976",Dorothy,
1976-09-15_Dorothy_43,SECTION_015,43,1976-09-15_Dorothy_43.txt,2000,200,200,"September 15, 1976",Dorothy,
1976-09-15_Dorothy_44,SECTION_015,44,1976-09-15_Dorothy_44.txt,2000,200,200,"September 15, 1976",Dorothy,
1976-09-15_Dorothy_45,SECTION_015,45,1976-09-15_Dorothy_45.txt,2000,200,200,"September 15, 1976",Dorothy,
1976-09-15_Dorothy_46,SECTION_015,46,1976-09-15_Dorothy_46.txt,2000,200,200,"September 15, 1976",Dorothy,
1976-09-15_Dorothy_47,SECTION_015,47,1976-09-15_Dorothy_47.txt,2000,200,200,"September 15, 1976",Dorothy,
1976-09-15_Dorothy_48,SECTION_015,48,1976-09-15_Dorothy_48.txt,2000,200,200,"September 15, 1976",Dorothy,
1976-09-15_Dorothy_49,SECTION_015,49,1976-09-15_Dorothy_49.txt,2000,200,200,"September 15, 1976",Dorothy,
1976-09-15_Dorothy_50,SECTION_015,50,1976-09-15_Dorothy_50.txt,2000,200,200,"September 15, 1976",Dorothy,
1976-09-15_Dorothy_51,SECTION_015,51,1976-09-15_Dorothy_51.txt,2000,200,200,"September 15, 1976",Dorothy,
1976-09-15_Dorothy_52,SECTION_015,52,1976-09-15_Dorothy_52.txt,2000,200,200,"September 15, 1976",Dorothy,
1976-09-15_Dorothy_53,SECTION_015,53,1976-09-15_Dorothy_53.txt,2000,200,200,"September 15, 1976",Dorothy,
1976-09-15_Dorothy_54,SECTION_015,54,1976-09-15_Dorothy_54.txt,2000,200,200,"September 15, 1976",Dorothy,
1976-09-15_Dorothy_55,SECTION_015,55,1976-09-15_Dorothy_55.txt,2000,200,200,"September 15, 1976",Dorothy,
1976-09-15_Dorothy_56,SECTION_015,56,1976-09-15_Dorothy_56.txt,2000,200,200,"September 15, 1976",Dorothy,
1976-09-15_Dorothy_57,SECTION_015,57,1976-09-15_Dorothy_57.txt,2000,200,200,"September 15, 1976",Dorothy,
1976-09-15_Dorothy_58,SECTION_015,58,1976-09-15_Dorothy_58.txt,2000,200,200,"September 15, 1976",Dorothy,
1976-09-15_Dorothy_59,SECTION_015,59,1976-09-15_Dorothy_59.txt,2000,200,200,"September 15, 1976",Dorothy,
1976-09-15_Dorothy_60,SECTION_015,60,1976-09-15_Dorothy_60.txt,2000,200,200,"September 15, 1976",Dorothy,
1976-09-15_Dorothy_61,SECTION_015,61,1976-09-15_Dorothy_61.txt,2000,200,200,"September 15, 1976",Dorothy,
1976-09-15_Dorothy_62,SECTION_015,62,1976-09-15_Dorothy_62.txt,2000,200,200,"September 15, 1976",Dorothy,
1976-09-15_Dorothy_63,SECTION_015,63,1976-09-15_Dorothy_63.txt,2000,200,200,"September 15, 1976",Dorothy,
1976-09-15_Dorothy_64,SECTION_015,64,1976-09-15_Dorothy_64.txt,2000,200,200,"September 15, 1976",Dorothy,
1976-09-15_Dorothy_65,SECTION_015,65,1976-09-15_Dorothy_65.txt,2000,200,200,"September 15, 1976",Dorothy,
1976-09-15_Dorothy_66,SECTION_015,66,1976-09-15_Dorothy_66.txt,2000,200,200,"September 15, 1976",Dorothy,
1976-09-15_Dorothy_67,SECTION_015,67,1976-09-15_Dorothy_67.txt,2000,200,200,"September 15, 1976",Dorothy,
1976-09-15_Dorothy_68,SECTION_015,68,1976-09-15_Dorothy_68.txt,2000,200,200,"September 15, 1976",Dorothy,
1976-09-15_Dorothy_69,SECTION_015,69,1976-09-15_Dorothy_69.txt,2000,200,200,"September 15, 1976",Dorothy,
1976-09-15_Dorothy_70,SECTION_015,70,1976-09-15_Dorothy_70.txt,2000,200,200,"September 15, 1976",Dorothy,
1976-09-15_Dorothy_71,SECTION_015,71,1976-09-15_Dorothy_71.txt,2000,200,200,"September 15, 1976",Dorothy,
1976-09-15_Dorothy_72,SECTION_015,72,1976-09-15_Dorothy_72.txt,2000,200,200,"September 15, 1976",Dorothy,
1976-09-15_Dorothy_73,SECTION_015,73,1976-09-15_Dorothy_73.txt,2000,200,200,"September 15, 1976",Dorothy,
1976-09-15_Dorothy_74,SECTION_015,74,1976-09-15_Dorothy_74.txt,2000,200,200,"September 15, 1976",Dorothy,
1976-09-15_Dorothy_75,SECTION_015,75,1976-09-15_Dorothy_75.txt,2000,200,200,"September 15, 1976",Dorothy,
1976-09-15_Dorothy_76,SECTION_015,76,1976-09-15_Dorothy_76.txt,2000,200,200,"September 15, 1976",Dorothy,
1976-09-15_Dorothy_77,SECTION_015,77,1976-09-15_Dorothy_77.txt,2000,200,200,"September 15, 1976",Dorothy,
1976-09-15_Dorothy_78,SECTION_015,78,1976-09-15_Dorothy_78.txt,2000,200,200,"September 15, 1976",Dorothy,
1976-09-15_Dorothy_79,SECTION_015,79,1976-09-15_Dorothy_79.txt,2000,200,200,"September 15, 1976",Dorothy,
1976-09-15_Dorothy_80,SECTION_015,80,1976-09-15_Dorothy_80.txt,2000,200,200,"September 15, 1976",Dorothy,
1976-09-15_Dorothy_81,SECTION_015,81,1976-09-15_Dorothy_81.txt,2000,200,200,"September 15, 1976",Dorothy,
1976-09-15_Dorothy_82,SECTION_015,82,1976-09-15_Dorothy_82.txt,2000,200,200,"September 15, 1976",Dorothy,
1976-09-15_Dorothy_83,SECTION_015,83,1976-09-15_Dorothy_83.txt,2000,200,200,"September 15, 1976",Dorothy,
1976-09-15_Dorothy_84,SECTION_015,84,1976-09-15_Dorothy_84.txt,2000,200,200,"September 15, 1976",Dorothy,
1976-09-15_Dorothy_85,SECTION_015,85,1976-09-15_Dorothy_85.txt,2000,200,200,"September 15, 1976",Dorothy,
1976-09-15_Dorothy_86,SECTION_015,86,1976-09-15_Dorothy_86.txt,2000,200,200,"September 15, 1976",Dorothy,
1976-09-15_Dorothy_87,SECTION_015,87,1976-09-15_Dorothy_87.txt,2000,200,200,"September 15, 1976",Dorothy,
1976-09-15_Dorothy_88,SECTION_015,88,1976-09-15_Dorothy_88.txt,2000,200,200,"September 15, 1976",Dorothy,
1976-09-15_Dorothy_89,SECTION_015,89,1976-09-15_Dorothy_89.txt,2000,200,200,"September 15, 1976",Dorothy,
1976-09-15_Dorothy_90,SECTION_015,90,1976-09-15_Dorothy_90.txt,2000,200,200,"September 15, 1976",Dorothy,
1976-09-15_Dorothy_91,SECTION_015,91,1976-09-15_Dorothy_91.txt,2000,200,200,"September 15, 1976",Dorothy,
1976-09-15_Dorothy_92,SECTION_015,92,1976-09-15_Dorothy_92.txt,2000,200,200,"September 15, 1976",Dorothy,
1976-09-15_Dorothy_93,SECTION_015,93,1976-09-15_Dorothy_93.txt,2000,200,200,"September 15, 1976",Dorothy,
1976-09-15_Dorothy_94,SECTION_015,94,1976-09-15_Dorothy_94.txt,2000,200,200,"September 15, 1976",Dorothy,
1976-09-15_Dorothy_95,SECTION_015,95,1976-09-15_Dorothy_95.txt,2000,200,200,"September 15, 1976",Dorothy,
1976-09-15_Dorothy_96,SECTION_015,96,1976-09-15_Dorothy_96.txt,2000,200,200,"September 15, 1976",Dorothy,
1976-09-15_Dorothy_97,SECTION_015,97,1976-09-15_Dorothy_97.txt,2000,200,200,"September 15, 1976",Dorothy,
1976-09-15_Dorothy_98,SECTION_015,98,1976-09-15_Dorothy_98.txt,2000,200,200,"September 15, 1976",Dorothy,
1976-09-15_Dorothy_99,SECTION_015,99,1976-09-15_Dorothy_99.txt,2000,200,200,"September 15, 1976",Dorothy,
1976-09-15_Dorothy_100,SECTION_015,100,1976-09-15_Dorothy_100.txt,2000,200,200,"September 15, 1976",Dorothy,
1976-09-15_Dorothy_101,SECTION_015,101,1976-09-15_Dorothy_101.txt,2000,200,200,"September 15, 1976",Dorothy,
1976-09-15_Dorothy_102,SECTION_015,102,1976-09-15_Dorothy_102.txt,2000,200,200,"September 15, 1976",Dorothy,
1976-09-15_Dorothy_103,SECTION_015,103,1976-09-15_Dorothy_103.txt,2000,200,200,"September 15, 1976",Dorothy,
1976-09-15_Dorothy_104,SECTION_015,104,1976-09-15_Dorothy_104.txt,2000,200,200,"September 15, 1976",Dorothy,
1976-09-15_Dorothy_105,SECTION_015,105,1976-09-15_Dorothy_105.txt,2000,200,200,"September 15, 1976",Dorothy,
1976-09-15_Dorothy_106,SECTION_015,106,1976-09-15_Dorothy_106.txt,2000,200,200,"September 15, 1976",Dorothy,
1976-09-15_Dorothy_107,SECTION_015,107,1976-09-15_Dorothy_107.txt,2000,200,200,"September 15, 1976",Dorothy,
1976-09-15_Dorothy_108,SECTION_015,108,1976-09-15_Dorothy_108.txt,2000,200,200,"September 15, 1976",Dorothy,
1976-09-15_Dorothy_109,SECTION_015,109,1976-09-15_Dorothy_109.txt,2000,200,200,"September 15, 1976",Dorothy,
1976-09-15_Dorothy_110,SECTION_015,110,1976-09-15_Dorothy_110.txt,2000,200,200,"September 15, 1976",Dorothy,
1976-09-15_Dorothy_111,SECTION_015,111,1976-09-15_Dorothy_111.txt,2000,200,200,"September 15, 1976",Dorothy,
1976-09-15_Dorothy_112,SECTION_015,112,1976-09-15_Dorothy_112.txt,2000,200,200,"September 15, 1976",Dorothy,
1976-09-15_Dorothy_113,SECTION_015,113,1976-09-15_Dorothy_113.txt,2000,200,200,"September 15, 1976",Dorothy,
1976-09-15_Dorothy_114,SECTION_015,114,1976-09-15_Dorothy_114.txt,2000,200,200,"September 15, 1976",Dorothy,
1976-09-15_Dorothy_115,SECTION_015,115,1976-09-15_Dorothy_115.txt,2000,200,200,"September 15, 1976",Dorothy,
1976-09-15_Dorothy_116,SECTION_015,116,1976-09-15_Dorothy_116.txt,2000,200,200,"September 15, 1976",Dorothy,
1976-09-15_Dorothy_117,SECTION_015,117,1976-09-15_Dorothy_117.txt,2000,200,200,"September 15, 1976",Dorothy,
1976-09-15_Dorothy_118,SECTION_015,118,1976-09-15_Dorothy_118.txt,2000,200,200,"September 15, 1976",Dorothy,
1976-09-15_Dorothy_119,SECTION_015,119,1976-09-15_Dorothy_119.txt,2000,200,200,"September 15, 1976",Dorothy,
1976-09-15_Dorothy_120,SECTION_015,120,1976-09-15_Dorothy_120.txt,2000,200,200,"September 15, 1976",Dorothy,
1976-09-15_Dorothy_121,SECTION_015,121,1976-09-15_Dorothy_121.txt,2000,200,200,"September 15, 1976",Dorothy,
1976-09-15_Dorothy_122,SECTION_015,122,1976-09-15_Dorothy_122.txt,2000,200,200,"September 15, 1976",Dorothy,
1976-09-15_Dorothy_123,SECTION_015,123,1976-09-15_Dorothy_123.txt,2000,200,200,"September 15, 1976",Dorothy,
1976-09-15_Dorothy_124,SECTION_015,124,1976-09-15_Dorothy_124.txt,2000,200,200,"September 15, 1976",Dorothy,
1976-09-15_Dorothy_125,SECTION_015,125,1976-09-15_Dorothy_125.txt,2000,200,200,"September 15, 1976",Dorothy,
1976-09-15_Dorothy_126,SECTION_015,126,1976-09-15_Dorothy_126.txt,2000,200,200,"September 15, 1976",Dorothy,
1976-09-15_Dorothy_127,SECTION_015,127,1976-09-15_Dorothy_127.txt,2000,200,200,"September 15, 1976",Dorothy,
1976-09-15_Dorothy_128,SECTION_015,128,1976-09-15_Dorothy_128.txt,2000,200,200,"September 15, 1976",Dorothy,
1976-09-15_Dorothy_129,SECTION_015,129,1976-09-15_Dorothy_129.txt,2000,200,200,"September 15, 1976",Dorothy,
1976-09-15_Dorothy_130,SECTION_015,130,1976-09-15_Dorothy_130.txt,2000,200,200,"September 15, 1976",Dorothy,
1976-09-15_Dorothy_131,SECTION_015,131,1976-09-15_Dorothy_131.txt,2000,200,200,"September 15, 1976",Dorothy,
1976-09-15_Dorothy_132,SECTION_015,132,1976-09-15_Dorothy_132.txt,2000,200,200,"September 15, 1976",Dorothy,
1976-09-15_Dorothy_133,SECTION_015,133,1976-09-15_Dorothy_133.txt,2000,200,200,"September 15, 1976",Dorothy,
1976-09-15_Dorothy_134,SECTION_015,134,1976-09-15_Dorothy_134.txt,2000,200,200,"September 15, 1976",Dorothy,
1976-09-15_Dorothy_135,SECTION_015,135,1976-09-15_Dorothy_135.txt,2000,200,200,"September 15, 1976",Dorothy,
1976-09-15_Dorothy_136,SECTION_015,136,1976-09-15_Dorothy_136.txt,2000,200,200,"September 15, 1976",Dorothy,
1976-09-15_Dorothy_137,SECTION_015,137,1976-09-15_Dorothy_137.txt,2000,200,200,"September 15, 1976",Dorothy,
1976-09-15_Dorothy_138,SECTION_015,138,1976-09-15_Dorothy_138.txt,2000,200,200,"September 15, 1976",Dorothy,
1976-09-15_Dorothy_139,SECTION_015,139,1976-09-15_Dorothy_139.txt,2000,200,200,"September 15, 1976",Dorothy,
1976-09-15_Dorothy_140,SECTION_015,140,1976-09-15_Dorothy_140.txt,2000,200,200,"September 15, 1976",Dorothy,
1976-09-15_Dorothy_141,SECTION_015,141,1976-09-15_Dorothy_141.txt,2000,200,200,"September 15, 1976",Dorothy,
1976-09-15_Dorothy_142,SECTION_015,142,1976-09-15_Dorothy_142.txt,2000,200,200,"September 15, 1976",Dorothy,
1976-09-15_Dorothy_143,SECTION_015,143,1976-09-15_Dorothy_143.txt,2000,200,200,"September 15, 1976",Dorothy,
1976-09-15_Dorothy_144,SECTION_015,144,1976-09-15_Dorothy_144.txt,2000,200,200,"September 15, 1976",Dorothy,
1976-09-15_Dorothy_145,SECTION_015,145,1976-09-15_Dorothy_145.txt,2000,200,200,"September 15, 1976",Dorothy,
1976-09-15_Dorothy_146,SECTION_015,146,1976-09-15_Dorothy_146.txt,2000,200,200,"September 15, 1976",Dorothy,
1976-09-15_Dorothy_147,SECTION_015,147,1976-09-15_Dorothy_147.txt,2000,200,200,"September 15, 1976",Dorothy,
1976-09-15_Dorothy_148,SECTION_015,148,1976-09-15_Dorothy_148.txt,2000,200,200,"September 15, 1976",Dorothy,
1976-09-15_Dorothy_149,SECTION_015,149,1976-09-15_Dorothy_149.txt,2000,200,200,"September 15, 1976",Dorothy,
1976-09-15_Dorothy_150,SECTION_015,150,1976-09-15_Dorothy_150.txt,2000,200,200,"September 15, 1976",Dorothy,
1976-09-15_Dorothy_151,SECTION_015,151,1976-09-15_Dorothy_151.txt,2000,200,200,"September 15, 1976",Dorothy,
1976-09-15_Dorothy_152,SECTION_015,152,1976-09-15_Dorothy_152.txt,2000,200,200,"September 15, 1976",Dorothy,
1976-09-15_Dorothy_153,SECTION_015,153,1976-09-15_Dorothy_153.txt,2000,200,200,"September 15, 1976",Dorothy,
1976-09-15_Dorothy_154,SECTION_015,154,1976-09-15_Dorothy_154.txt,2000,200,200,"September 15, 1976",Dorothy,
1976-09-15_Dorothy_155,SECTION_015,155,1976-09-15_Dorothy_155.txt,2000,200,200,"September 15, 1976",Dorothy,
1976-09-15_Dorothy_156,SECTION_015,156,1976-09-15_Dorothy_156.txt,2000,200,200,"September 15, 1976",Dorothy,
1976-09-15_Dorothy_157,SECTION_015,157,1976-09-15_Dorothy_157.txt,2000,200,200,"September 15, 1976",Dorothy,
1976-09-15_Dorothy_158,SECTION_015,158,1976-09-15_Dorothy_158.txt,2000,200,200,"September 15, 1976",Dorothy,
1976-09-15_Dorothy_159,SECTION_015,159,1976-09-15_Dorothy_159.txt,2000,200,200,"September 15, 1976",Dorothy,
1976-09-15_Dorothy_160,SECTION_015,160,1976-09-15_Dorothy_160.txt,2000,200,200,"September 15, 1976",Dorothy,
1976-09-15_Dorothy_161,SECTION_015,161,1976-09-15_Dorothy_161.txt,2000,200,200,"September 15, 1976",Dorothy,
1976-09-15_Dorothy_162,SECTION_015,162,1976-09-15_Dorothy_162.txt,2000,200,200,"September 15, 1976",Dorothy,
1976-09-15_Dorothy_163,SECTION_015,163,1976-09-15_Dorothy_163.txt,2000,200,200,"September 15, 1976",Dorothy,
1976-09-15_Dorothy_164,SECTION_015,164,1976-09-15_Dorothy_164.txt,2000,200,200,"September 15, 1976",Dorothy,
1976-09-15_Dorothy_165,SECTION_015,165,1976-09-15_Dorothy_165.txt,2000,200,200,"September 15, 1976",Dorothy,
1976-09-15_Dorothy_166,SECTION_015,166,1976-09-15_Dorothy_166.txt,2000,200,200,"September 15, 1976",Dorothy,
1976-09-15_Dorothy_167,SECTION_015,167,1976-09-15_Dorothy_167.txt,2000,200,200,"September 15, 1976",Dorothy,
1976-09-15_Dorothy_168,SECTION_015,168,1976-09-15_Dorothy_168.txt,2000,200,200,"September 15, 1976",Dorothy,
1976-09-15_Dorothy_169,SECTION_015,169,1976-09-15_Dorothy_169.txt,2000,200,200,"September 15, 1976",Dorothy,
1976-09-15_Dorothy_170,SECTION_015,170,1976-09-15_Dorothy_170.txt,2000,200,200,"September 15, 1976",Dorothy,
1976-09-15_Dorothy_171,SECTION_015,171,1976-09-15_Dorothy_171.txt,2000,200,200,"September 15, 1976",Dorothy,
1976-09-15_Dorothy_172,SECTION_015,172,1976-09-15_Dorothy_172.txt,2000,200,200,"September 15, 1976",Dorothy,
1976-09-15_Dorothy_173,SECTION_015,173,1976-09-15_Dorothy_173.txt,2000,200,200,"September 15, 1976",Dorothy,
1976-09-15_Dorothy_174,SECTION_015,174,1976-09-15_Dorothy_174.txt,2000,200,200,"September 15, 1976",Dorothy,
1976-09-15_Dorothy_175,SECTION_015,175,1976-09-15_Dorothy_175.txt,2000,200,200,"September 15, 1976",Dorothy,
1976-09-15_Dorothy_176,SECTION_015,176,1976-09-15_Dorothy_176.txt,2000,200,200,"September 15, 1976",Dorothy,
1976-09-15_Dorothy_177,SECTION_015,177,1976-09-15_Dorothy_177.txt,2000,200,200,"September 15, 1976",Dorothy,
1976-09-15_Dorothy_178,SECTION_015,178,1976-09-15_Dorothy_178.txt,2000,200,200,"September 15, 1976",Dorothy,
1976-09-15_Dorothy_179,SECTION_015,179,1976-09-15_Dorothy_179.txt,2000,200,200,"September 15, 1976",Dorothy,
1976-09-15_Dorothy_180,SECTION_015,180,1976-09-15_Dorothy_180.txt,2000,200,200,"September 15, 1976",Dorothy,
1976-09-15_Dorothy_181,SECTION_015,181,1976-09-15_Dorothy_181.txt,2000,200,200,"September 15, 1976",Dorothy,
1976-09-15_Dorothy_182,SECTION_015,182,1976-09-15_Dorothy_182.txt,2000,200,200,"September 15, 1976",Dorothy,
1976-09-15_Dorothy_183,SECTION_015,183,1976-09-15_Dorothy_183.txt,2000,200,200,"September 15, 1976",Dorothy,
1976-09-15_Dorothy_184,SECTION_015,184,1976-09-15_Dorothy_184.txt,2000,200,200,"September 15, 1976",Dorothy,
1976-09-15_Dorothy_185,SECTION_015,185,1976-09-15_Dorothy_185.txt,2000,200,200,"September 15, 1976",Dorothy,
1976-09-15_Dorothy_186,SECTION_015,186,1976-09-15_Dorothy_186.txt,2000,200,200,"September 15, 1976",Dorothy,
1976-09-15_Dorothy_187,SECTION_015,187,1976-09-15_Dorothy_187.txt,2000,200,200,"September 15, 1976",Dorothy,
1976-09-15_Dorothy_188,SECTION_015,188,1976-09-15_Dorothy_188.txt,2000,200,200,"September 15, 1976",Dorothy,
1976-09-15_Dorothy_189,SECTION_015,189,1976-09-15_Dorothy_189.txt,2000,200,200,"September 15, 1976",Dorothy,
1976-09-15_Dorothy_190,SECTION_015,190,1976-09-15_Dorothy_190.txt,2000,200,200,"September 15, 1976",Dorothy,
1976-09-15_Dorothy_191,SECTION_015,191,1976-09-15_Dorothy_191.txt,2000,200,200,"September 15, 1976",Dorothy,
1976-09-15_Dorothy_192,SECTION_015,192,1976-09-15_Dorothy_192.txt,2000,200,200,"September 15, 1976",Dorothy,
1976-09-15_Dorothy_193,SECTION_015,193,1976-09-15_Dorothy_193.txt,2000,200,200,"September 15, 1976",Dorothy,
1976-09-15_Dorothy_194,SECTION_015,194,1976-09-15_Dorothy_194.txt,2000,200,200,"September 15, 1976",Dorothy,
1976-09-15_Dorothy_195,SECTION_015,195,1976-09-15_Dorothy_195.txt,2000,200,200,"September 15, 1976",Dorothy,
1976-09-15_Dorothy_196,SECTION_015,196,1976-09-15_Dorothy_196.txt,2000,200,200,"September 15, 1976",Dorothy,
1976-09-15_Dorothy_197,SECTION_015,197,1976-09-15_Dorothy_197.txt,2000,200,200,"September 15, 1976",Dorothy,
1976-09-15_Dorothy_198,SECTION_015,198,1976-09-15_Dorothy_198.txt,2000,200,200,"September 15, 1976",Dorothy,
1976-09-15_Dorothy_199,SECTION_015,199,1976-09-15_Dorothy_199.txt,2000,200,200,"September 15, 1976",Dorothy,
1976-09-15_Dorothy_200,SECTION_015,200,1976-09-15_Dorothy_200.txt,2000,200,200,"September 15, 1976",Dorothy,
1976-09-15_Dorothy_201,SECTION_015,201,1976-09-15_Dorothy_201.txt,2000,200,200,"September 15, 1976",Dorothy,
1976-09-15_Dorothy_202,SECTION_015,202,1976-09-15_Dorothy_202.txt,2000,200,200,"September 15, 1976",Dorothy,
1976-09-15_Dorothy_203,SECTION_015,203,1976-09-15_Dorothy_203.txt,2000,200,200,"September 15, 1976",Dorothy,
1976-09-15_Dorothy_204,SECTION_015,204,1976-09-15_Dorothy_204.txt,2000,200,200,"September 15, 1976",Dorothy,
1976-09-15_Dorothy_205,SECTION_015,205,1976-09-15_Dorothy_205.txt,2000,200,200,"September 15, 1976",Dorothy,
1976-09-15_Dorothy_206,SECTION_015,206,1976-09-15_Dorothy_206.txt,2000,200,200,"September 15, 1976",Dorothy,
1976-09-15_Dorothy_207,SECTION_015,207,1976-09-15_Dorothy_207.txt,2000,200,200,"September 15, 1976",Dorothy,
1976-09-15_Dorothy_208,SECTION_015,208,1976-09-15_Dorothy_208.txt,2000,200,200,"September 15, 1976",Dorothy,
1976-09-15_Dorothy_209,SECTION_015,209,1976-09-15_Dorothy_209.txt,2000,200,200,"September 15, 1976",Dorothy,
1976-09-15_Dorothy_210,SECTION_015,210,1976-09-15_Dorothy_210.txt,2000,200,200,"September 15, 1976",Dorothy,
1976-09-15_Dorothy_211,SECTION_015,211,1976-09-15_Dorothy_211.txt,2000,200,200,"September 15, 1976",Dorothy,
1976-09-15_Dorothy_212,SECTION_015,212,1976-09-15_Dorothy_212.txt,2000,200,200,"September 15, 1976",Dorothy,
1976-09-15_Dorothy_213,SECTION_015,213,1976-09-15_Dorothy_213.txt,2000,200,200,"September 15, 1976",Dorothy,
1976-09-15_Dorothy_214,SECTION_015,214,1976-09-15_Dorothy_214.txt,2000,200,200,"September 15, 1976",Dorothy,
1976-09-15_Dorothy_215,SECTION_015,215,1976-09-15_Dorothy_215.txt,2000,200,200,"September 15, 1976",Dorothy,
1976-09-15_Dorothy_216,SECTION_015,216,1976-09-15_Dorothy_216.txt,2000,200,200,"September 15, 1976",Dorothy,
1976-09-15_Dorothy_217,SECTION_015,217,1976-09-15_Dorothy_217.txt,2000,200,200,"September 15, 1976",Dorothy,
1976-09-15_Dorothy_218,SECTION_015,218,1976-09-15_Dorothy_218.txt,2000,200,200,"September 15, 1976",Dorothy,
1976-09-15_Dorothy_219,SECTION_015,219,1976-09-15_Dorothy_219.txt,2000,200,200,"September 15, 1976",Dorothy,
1976-09-15_Dorothy_220,SECTION_015,220,1976-09-15_Dorothy_220.txt,2000,200,200,"September 15, 1976",Dorothy,
1976-09-15_Dorothy_221,SECTION_015,221,1976-09-15_Dorothy_221.txt,2000,200,200,"September 15, 1976",Dorothy,
1976-09-15_Dorothy_222,SECTION_015,222,1976-09-15_Dorothy_222.txt,2000,200,200,"September 15, 1976",Dorothy,
1976-09-15_Dorothy_223,SECTION_015,223,1976-09-15_Dorothy_223.txt,2000,200,200,"September 15, 1976",Dorothy,
1976-09-15_Dorothy_224,SECTION_015,224,1976-09-15_Dorothy_224.txt,2000,200,200,"September 15, 1976",Dorothy,
1976-09-15_Dorothy_225,SECTION_015,225,1976-09-15_Dorothy_225.txt,2000,200,200,"September 15, 1976",Dorothy,
1976-09-15_Dorothy_226,SECTION_015,226,1976-09-15_Dorothy_226.txt,2000,200,200,"September 15, 1976",Dorothy,
1976-09-15_Dorothy_227,SECTION_015,227,1976-09-15_Dorothy_227.txt,2000,200,200,"September 15, 1976",Dorothy,
1976-09-15_Dorothy_228,SECTION_015,228,1976-09-15_Dorothy_228.txt,2000,200,200,"September 15, 1976",Dorothy,
1976-09-15_Dorothy_229,SECTION_015,229,1976-09-15_Dorothy_229.txt,2000,200,200,"September 15, 1976",Dorothy,
1976-09-15_Dorothy_230,SECTION_015,230,1976-09-15_Dorothy_230.txt,2000,200,200,"September 15, 1976",Dorothy,
1976-09-15_Dorothy_231,SECTION_015,231,1976-09-15_Dorothy_231.txt,2000,200,200,"September 15, 1976",Dorothy,
1976-09-15_Dorothy_232,SECTION_015,232,1976-09-15_Dorothy_232.txt,2000,200,200,"September 15, 1976",Dorothy,
1976-09-15_Dorothy_233,SECTION_015,233,1976-09-15_Dorothy_233.txt,2000,200,200,"September 15, 1976",Dorothy,
1976-09-15_Dorothy_234,SECTION_015,234,1976-09-15_Dorothy_234.txt,2000,200,200,"September 15, 1976",Dorothy,
1976-09-15_Dorothy_235,SECTION_015,235,1976-09-15_Dorothy_235.txt,2000,200,200,"September 15, 1976",Dorothy,
1976-09-15_Dorothy_236,SECTION_015,236,1976-09-15_Dorothy_236.txt,2000,200,200,"September 15, 1976",Dorothy,
1976-09-15_Dorothy_237,SECTION_015,237,1976-09-15_Dorothy_237.txt,2000,200,200,"September 15, 1976",Dorothy,
1976-09-15_Dorothy_238,SECTION_015,238,1976-09-15_Dorothy_238.txt,2000,200,200,"September 15, 1976",Dorothy,
1976-09-15_Dorothy_239,SECTION_015,239,1976-09-15_Dorothy_239.txt,2000,200,200,"September 15, 1976",Dorothy,
1976-09-15_Dorothy_240,SECTION_015,240,1976-09-15_Dorothy_240.txt,2000,200,200,"September 15, 1976",Dorothy,
1976-09-15_Dorothy_241,SECTION_015,241,1976-09-15_Dorothy_241.txt,2000,200,200,"September 15, 1976",Dorothy,
1976-09-15_Dorothy_242,SECTION_015,242,1976-09-15_Dorothy_242.txt,353,200,0,"September 15, 1976",Dorothy,
1978-10-10_SECTION_016_01,SECTION_016,1,1978-10-10_SECTION_016_01.txt,2000,0,200,"October 10, 1978",,
1978-10-10_SECTION_016_02,SECTION_016,2,1978-10-10_SECTION_016_02.txt,2000,200,200,"October 10, 1978",,
1978-10-10_SECTION_016_03,SECTION_016,3,1978-10-10_SECTION_016_03.txt,2000,200,200,"October 10, 1978",,
1978-10-10_SECTION_016_04,SECTION_016,4,1978-10-10_SECTION_016_04.txt,2000,200,200,"October 10, 1978",,
1978-10-10_SECTION_016_05,SECTION_016,5,1978-10-10_SECTION_016_05.txt,2000,200,200,"October 10, 1978",,
1978-10-10_SECTION_016_06,SECTION_016,6,1978-10-10_SECTION_016_06.txt,2000,200,200,"October 10, 1978",,
1978-10-10_SECTION_016_07,SECTION_016,7,1978-10-10_SECTION_016_07.txt,2000,200,200,"October 10, 1978",,
1978-10-10_SECTION_016_08,SECTION_016,8,1978-10-10_SECTION_016_08.txt,2000,200,200,"October 10, 1978",,
1978-10-10_SECTION_016_09,SECTION_016,9,1978-10-10_SECTION_016_09.txt,2000,200,200,"October 10, 1978",,
1978-10-10_SECTION_016_10,SECTION_016,10,1978-10-10_SECTION_016_10.txt,2000,200,200,"October 10, 1978",,
1978-10-10_SECTION_016_11,SECTION_016,11,1978-10-10_SECTION_016_11.txt,2000,200,200,"October 10, 1978",,
1978-10-10_SECTION_016_12,SECTION_016,12,1978-10-10_SECTION_016_12.txt,2000,200,200,"October 10, 1978",,
1978-10-10_SECTION_016_13,SECTION_016,13,1978-10-10_SECTION_016_13.txt,2000,200,200,"October 10, 1978",,
1978-10-10_SECTION_016_14,SECTION_016,14,1978-10-10_SECTION_016_14.txt,2000,200,200,"October 10, 1978",,
1978-10-10_SECTION_016_15,SECTION_016,15,1978-10-10_SECTION_016_15.txt,2000,200,200,"October 10, 1978",,
1978-10-10_SECTION_016_16,SECTION_016,16,1978-10-10_SECTION_016_16.txt,2000,200,200,"October 10, 1978",,
1978-10-10_SECTION_016_17,SECTION_016,17,1978-10-10_SECTION_016_17.txt,2000,200,200,"October 10, 1978",,
1978-10-10_SECTION_016_18,SECTION_016,18,1978-10-10_SECTION_016_18.txt,2000,200,200,"October 10, 1978",,
1978-10-10_SECTION_016_19,SECTION_016,19,1978-10-10_SECTION_016_19.txt,2000,200,200,"October 10, 1978",,
1978-10-10_SECTION_016_20,SECTION_016,20,1978-10-10_SECTION_016_20.txt,2000,200,200,"October 10, 1978",,
1978-10-10_SECTION_016_21,SECTION_016,21,1978-10-10_SECTION_016_21.txt,2000,200,200,"October 10, 1978",,
1978-10-10_SECTION_016_22,SECTION_016,22,1978-10-10_SECTION_016_22.txt,2000,200,200,"October 10, 1978",,
1978-10-10_SECTION_016_23,SECTION_016,23,1978-10-10_SECTION_016_23.txt,2000,200,200,"October 10, 1978",,
1978-10-10_SECTION_016_24,SECTION_016,24,1978-10-10_SECTION_016_24.txt,2000,200,200,"October 10, 1978",,
1978-10-10_SECTION_016_25,SECTION_016,25,1978-10-10_SECTION_016_25.txt,2000,200,200,"October 10, 1978",,
1978-10-10_SECTION_016_26,SECTION_016,26,1978-10-10_SECTION_016_26.txt,2000,200,200,"October 10, 1978",,
1978-10-10_SECTION_016_27,SECTION_016,27,1978-10-10_SECTION_016_27.txt,2000,200,200,"October 10, 1978",,
1978-10-10_SECTION_016_28,SECTION_016,28,1978-10-10_SECTION_016_28.txt,2000,200,200,"October 10, 1978",,
1978-10-10_SECTION_016_29,SECTION_016,29,1978-10-10_SECTION_016_29.txt,2000,200,200,"October 10, 1978",,
1978-10-10_SECTION_016_30,SECTION_016,30,1978-10-10_SECTION_016_30.txt,2000,200,200,"October 10, 1978",,
1978-10-10_SECTION_016_31,SECTION_016,31,1978-10-10_SECTION_016_31.txt,2000,200,200,"October 10, 1978",,
1978-10-10_SECTION_016_32,SECTION_016,32,1978-10-10_SECTION_016_32.txt,2000,200,200,"October 10, 1978",,
1978-10-10_SECTION_016_33,SECTION_016,33,1978-10-10_SECTION_016_33.txt,2000,200,200,"October 10, 1978",,
1978-10-10_SECTION_016_34,SECTION_016,34,1978-10-10_SECTION_016_34.txt,2000,200,200,"October 10, 1978",,
1978-10-10_SECTION_016_35,SECTION_016,35,1978-10-10_SECTION_016_35.txt,2000,200,200,"October 10, 1978",,
1978-10-10_SECTION_016_36,SECTION_016,36,1978-10-10_SECTION_016_36.txt,2000,200,200,"October 10, 1978",,
1978-10-10_SECTION_016_37,SECTION_016,37,1978-10-10_SECTION_016_37.txt,2000,200,200,"October 10, 1978",,
1978-10-10_SECTION_016_38,SECTION_016,38,1978-10-10_SECTION_016_38.txt,2000,200,200,"October 10, 1978",,
1978-10-10_SECTION_016_39,SECTION_016,39,1978-10-10_SECTION_016_39.txt,2000,200,200,"October 10, 1978",,
1978-10-10_SECTION_016_40,SECTION_016,40,1978-10-10_SECTION_016_40.txt,2000,200,200,"October 10, 1978",,
1978-10-10_SECTION_016_41,SECTION_016,41,1978-10-10_SECTION_016_41.txt,2000,200,200,"October 10, 1978",,
1978-10-10_SECTION_016_42,SECTION_016,42,1978-10-10_SECTION_016_42.txt,2000,200,200,"October 10, 1978",,
1978-10-10_SECTION_016_43,SECTION_016,43,1978-10-10_SECTION_016_43.txt,2000,200,200,"October 10, 1978",,
1978-10-10_SECTION_016_44,SECTION_016,44,1978-10-10_SECTION_016_44.txt,2000,200,200,"October 10, 1978",,
1978-10-10_SECTION_016_45,SECTION_016,45,1978-10-10_SECTION_016_45.txt,2000,200,200,"October 10, 1978",,
1978-10-10_SECTION_016_46,SECTION_016,46,1978-10-10_SECTION_016_46.txt,2000,200,200,"October 10, 1978",,
1978-10-10_SECTION_016_47,SECTION_016,47,1978-10-10_SECTION_016_47.txt,2000,200,200,"October 10, 1978",,
1978-10-10_SECTION_016_48,SECTION_016,48,1978-10-10_SECTION_016_48.txt,2000,200,200,"October 10, 1978",,
1978-10-10_SECTION_016_49,SECTION_016,49,1978-10-10_SECTION_016_49.txt,2000,200,200,"October 10, 1978",,
1978-10-10_SECTION_016_50,SECTION_016,50,1978-10-10_SECTION_016_50.txt,2000,200,200,"October 10, 1978",,
1978-10-10_SECTION_016_51,SECTION_016,51,1978-10-10_SECTION_016_51.txt,2000,200,200,"October 10, 1978",,
1978-10-10_SECTION_016_52,SECTION_016,52,1978-10-10_SECTION_016_52.txt,2000,200,200,"October 10, 1978",,
1978-10-10_SECTION_016_53,SECTION_016,53,1978-10-10_SECTION_016_53.txt,2000,200,200,"October 10, 1978",,
1978-10-10_SECTION_016_54,SECTION_016,54,1978-10-10_SECTION_016_54.txt,2000,200,200,"October 10, 1978",,
1978-10-10_SECTION_016_55,SECTION_016,55,1978-10-10_SECTION_016_55.txt,2000,200,200,"October 10, 1978",,
1978-10-10_SECTION_016_56,SECTION_016,56,1978-10-10_SECTION_016_56.txt,2000,200,200,"October 10, 1978",,
1978-10-10_SECTION_016_57,SECTION_016,57,1978-10-10_SECTION_016_57.txt,2000,200,200,"October 10, 1978",,
1978-10-10_SECTION_016_58,SECTION_016,58,1978-10-10_SECTION_016_58.txt,2000,200,200,"October 10, 1978",,
1978-10-10_SECTION_016_59,SECTION_016,59,1978-10-10_SECTION_016_59.txt,2000,200,200,"October 10, 1978",,
1978-10-10_SECTION_016_60,SECTION_016,60,1978-10-10_SECTION_016_60.txt,2000,200,200,"October 10, 1978",,
1978-10-10_SECTION_016_61,SECTION_016,61,1978-10-10_SECTION_016_61.txt,2000,200,200,"October 10, 1978",,
1978-10-10_SECTION_016_62,SECTION_016,62,1978-10-10_SECTION_016_62.txt,2000,200,200,"October 10, 1978",,
1978-10-10_SECTION_016_63,SECTION_016,63,1978-10-10_SECTION_016_63.txt,2000,200,200,"October 10, 1978",,
1978-10-10_SECTION_016_64,SECTION_016,64,1978-10-10_SECTION_016_64.txt,2000,200,200,"October 10, 1978",,
1978-10-10_SECTION_016_65,SECTION_016,65,1978-10-10_SECTION_016_65.txt,2000,200,200,"October 10, 1978",,
1978-10-10_SECTION_016_66,SECTION_016,66,1978-10-10_SECTION_016_66.txt,2000,200,200,"October 10, 1978",,
1978-10-10_SECTION_016_67,SECTION_016,67,1978-10-10_SECTION_016_67.txt,2000,200,200,"October 10, 1978",,
1978-10-10_SECTION_016_68,SECTION_016,68,1978-10-10_SECTION_016_68.txt,2000,200,200,"October 10, 1978",,
1978-10-10_SECTION_016_69,SECTION_016,69,1978-10-10_SECTION_016_69.txt,2000,200,200,"October 10, 1978",,
1978-10-10_SECTION_016_70,SECTION_016,70,1978-10-10_SECTION_016_70.txt,2000,200,200,"October 10, 1978",,
1978-10-10_SECTION_016_71,SECTION_016,71,1978-10-10_SECTION_016_71.txt,2000,200,200,"October 10, 1978",,
1978-10-10_SECTION_016_72,SECTION_016,72,1978-10-10_SECTION_016_72.txt,2000,200,200,"October 10, 1978",,
1978-10-10_SECTION_016_73,SECTION_016,73,1978-10-10_SECTION_016_73.txt,2000,200,200,"October 10, 1978",,
1978-10-10_SECTION_016_74,SECTION_016,74,1978-10-10_SECTION_016_74.txt,2000,200,200,"October 10, 1978",,
1978-10-10_SECTION_016_75,SECTION_016,75,1978-10-10_SECTION_016_75.txt,2000,200,200,"October 10, 1978",,
1978-10-10_SECTION_016_76,SECTION_016,76,1978-10-10_SECTION_016_76.txt,2000,200,200,"October 10, 1978",,
1978-10-10_SECTION_016_77,SECTION_016,77,1978-10-10_SECTION_016_77.txt,2000,200,200,"October 10, 1978",,
1978-10-10_SECTION_016_78,SECTION_016,78,1978-10-10_SECTION_016_78.txt,2000,200,200,"October 10, 1978",,
1978-10-10_SECTION_016_79,SECTION_016,79,1978-10-10_SECTION_016_79.txt,2000,200,200,"October 10, 1978",,
1978-10-10_SECTION_016_80,SECTION_016,80,1978-10-10_SECTION_016_80.txt,2000,200,200,"October 10, 1978",,
1978-10-10_SECTION_016_81,SECTION_016,81,1978-10-10_SECTION_016_81.txt,2000,200,200,"October 10, 1978",,
1978-10-10_SECTION_016_82,SECTION_016,82,1978-10-10_SECTION_016_82.txt,2000,200,200,"October 10, 1978",,
1978-10-10_SECTION_016_83,SECTION_016,83,1978-10-10_SECTION_016_83.txt,2000,200,200,"October 10, 1978",,
1978-10-10_SECTION_016_84,SECTION_016,84,1978-10-10_SECTION_016_84.txt,2000,200,200,"October 10, 1978",,
1978-10-10_SECTION_016_85,SECTION_016,85,1978-10-10_SECTION_016_85.txt,2000,200,200,"October 10, 1978",,
1978-10-10_SECTION_016_86,SECTION_016,86,1978-10-10_SECTION_016_86.txt,2000,200,200,"October 10, 1978",,
1978-10-10_SECTION_016_87,SECTION_016,87,1978-10-10_SECTION_016_87.txt,2000,200,200,"October 10, 1978",,
1978-10-10_SECTION_016_88,SECTION_016,88,1978-10-10_SECTION_016_88.txt,2000,200,200,"October 10, 1978",,
1978-10-10_SECTION_016_89,SECTION_016,89,1978-10-10_SECTION_016_89.txt,2000,200,200,"October 10, 1978",,
1978-10-10_SECTION_016_90,SECTION_016,90,1978-10-10_SECTION_016_90.txt,2000,200,200,"October 10, 1978",,
1978-10-10_SECTION_016_91,SECTION_016,91,1978-10-10_SECTION_016_91.txt,2000,200,200,"October 10, 1978",,
1978-10-10_SECTION_016_92,SECTION_016,92,1978-10-10_SECTION_016_92.txt,2000,200,200,"October 10, 1978",,
1978-10-10_SECTION_016_93,SECTION_016,93,1978-10-10_SECTION_016_93.txt,2000,200,200,"October 10, 1978",,
1978-10-10_SECTION_016_94,SECTION_016,94,1978-10-10_SECTION_016_94.txt,2000,200,200,"October 10, 1978",,
1978-10-10_SECTION_016_95,SECTION_016,95,1978-10-10_SECTION_016_95.txt,2000,200,200,"October 10, 1978",,
1978-10-10_SECTION_016_96,SECTION_016,96,1978-10-10_SECTION_016_96.txt,2000,200,200,"October 10, 1978",,
1978-10-10_SECTION_016_97,SECTION_016,97,1978-10-10_SECTION_016_97.txt,2000,200,200,"October 10, 1978",,
1978-10-10_SECTION_016_98,SECTION_016,98,1978-10-10_SECTION_016_98.txt,2000,200,200,"October 10, 1978",,
1978-10-10_SECTION_016_99,SECTION_016,99,1978-10-10_SECTION_016_99.txt,2000,200,200,"October 10, 1978",,
1978-10-10_SECTION_016_100,SECTION_016,100,1978-10-10_SECTION_016_100.txt,2000,200,200,"October 10, 1978",,
1978-10-10_SECTION_016_101,SECTION_016,101,1978-10-10_SECTION_016_101.txt,2000,200,200,"October 10, 1978",,
1978-10-10_SECTION_016_102,SECTION_016,102,1978-10-10_SECTION_016_102.txt,2000,200,200,"October 10, 1978",,
1978-10-10_SECTION_016_103,SECTION_016,103,1978-10-10_SECTION_016_103.txt,2000,200,200,"October 10, 1978",,
1978-10-10_SECTION_016_104,SECTION_016,104,1978-10-10_SECTION_016_104.txt,2000,200,200,"October 10, 1978",,
1978-10-10_SECTION_016_105,SECTION_016,105,1978-10-10_SECTION_016_105.txt,2000,200,200,"October 10, 1978",,
1978-10-10_SECTION_016_106,SECTION_016,106,1978-10-10_SECTION_016_106.txt,2000,200,200,"October 10, 1978",,
1978-10-10_SECTION_016_107,SECTION_016,107,1978-10-10_SECTION_016_107.txt,2000,200,200,"October 10, 1978",,
1978-10-10_SECTION_016_108,SECTION_016,108,1978-10-10_SECTION_016_108.txt,2000,200,200,"October 10, 1978",,
1978-10-10_SECTION_016_109,SECTION_016,109,1978-10-10_SECTION_016_109.txt,2000,200,200,"October 10, 1978",,
1978-10-10_SECTION_016_110,SECTION_016,110,1978-10-10_SECTION_016_110.txt,2000,200,200,"October 10, 1978",,
1978-10-10_SECTION_016_111,SECTION_016,111,1978-10-10_SECTION_016_111.txt,2000,200,200,"October 10, 1978",,
1978-10-10_SECTION_016_112,SECTION_016,112,1978-10-10_SECTION_016_112.txt,2000,200,200,"October 10, 1978",,
1978-10-10_SECTION_016_113,SECTION_016,113,1978-10-10_SECTION_016_113.txt,2000,200,200,"October 10, 1978",,
1978-10-10_SECTION_016_114,SECTION_016,114,1978-10-10_SECTION_016_114.txt,2000,200,200,"October 10, 1978",,
1978-10-10_SECTION_016_115,SECTION_016,115,1978-10-10_SECTION_016_115.txt,2000,200,200,"October 10, 1978",,
1978-10-10_SECTION_016_116,SECTION_016,116,1978-10-10_SECTION_016_116.txt,2000,200,200,"October 10, 1978",,
1978-10-10_SECTION_016_117,SECTION_016,117,1978-10-10_SECTION_016_117.txt,2000,200,200,"October 10, 1978",,
1978-10-10_SECTION_016_118,SECTION_016,118,1978-10-10_SECTION_016_118.txt,2000,200,200,"October 10, 1978",,
1978-10-10_SECTION_016_119,SECTION_016,119,1978-10-10_SECTION_016_119.txt,2000,200,200,"October 10, 1978",,
1978-10-10_SECTION_016_120,SECTION_016,120,1978-10-10_SECTION_016_120.txt,2000,200,200,"October 10, 1978",,
1978-10-10_SECTION_016_121,SECTION_016,121,1978-10-10_SECTION_016_121.txt,2000,200,200,"October 10, 1978",,
1978-10-10_SECTION_016_122,SECTION_016,122,1978-10-10_SECTION_016_122.txt,2000,200,200,"October 10, 1978",,
1978-10-10_SECTION_016_123,SECTION_016,123,1978-10-10_SECTION_016_123.txt,2000,200,200,"October 10, 1978",,
1978-10-10_SECTION_016_124,SECTION_016,124,1978-10-10_SECTION_016_124.txt,2000,200,200,"October 10, 1978",,
1978-10-10_SECTION_016_125,SECTION_016,125,1978-10-10_SECTION_016_125.txt,2000,200,200,"October 10, 1978",,
1978-10-10_SECTION_016_126,SECTION_016,126,1978-10-10_SECTION_016_126.txt,2000,200,200,"October 10, 1978",,
1978-10-10_SECTION_016_127,SECTION_016,127,1978-10-10_SECTION_016_127.txt,2000,200,200,"October 10, 1978",,
1978-10-10_SECTION_016_128,SECTION_016,128,1978-10-10_SECTION_016_128.txt,2000,200,200,"October 10, 1978",,
1978-10-10_SECTION_016_129,SECTION_016,129,1978-10-10_SECTION_016_129.txt,2000,200,200,"October 10, 1978",,
1978-10-10_SECTION_016_130,SECTION_016,130,1978-10-10_SECTION_016_130.txt,2000,200,200,"October 10, 1978",,
1978-10-10_SECTION_016_131,SECTION_016,131,1978-10-10_SECTION_016_131.txt,2000,200,200,"October 10, 1978",,
1978-10-10_SECTION_016_132,SECTION_016,132,1978-10-10_SECTION_016_132.txt,2000,200,200,"October 10, 1978",,
1978-10-10_SECTION_016_133,SECTION_016,133,1978-10-10_SECTION_016_133.txt,2000,200,200,"October 10, 1978",,
1978-10-10_SECTION_016_134,SECTION_016,134,1978-10-10_SECTION_016_134.txt,2000,200,200,"October 10, 1978",,
1978-10-10_SECTION_016_135,SECTION_016,135,1978-10-10_SECTION_016_135.txt,2000,200,200,"October 10, 1978",,
1978-10-10_SECTION_016_136,SECTION_016,136,1978-10-10_SECTION_016_136.txt,2000,200,200,"October 10, 1978",,
1978-10-10_SECTION_016_137,SECTION_016,137,1978-10-10_SECTION_016_137.txt,2000,200,200,"October 10, 1978",,
1978-10-10_SECTION_016_138,SECTION_016,138,1978-10-10_SECTION_016_138.txt,2000,200,200,"October 10, 1978",,
1978-10-10_SECTION_016_139,SECTION_016,139,1978-10-10_SECTION_016_139.txt,2000,200,200,"October 10, 1978",,
1978-10-10_SECTION_016_140,SECTION_016,140,1978-10-10_SECTION_016_140.txt,2000,200,200,"October 10, 1978",,
1978-10-10_SECTION_016_141,SECTION_016,141,1978-10-10_SECTION_016_141.txt,2000,200,200,"October 10, 1978",,
1978-10-10_SECTION_016_142,SECTION_016,142,1978-10-10_SECTION_016_142.txt,2000,200,200,"October 10, 1978",,
1978-10-10_SECTION_016_143,SECTION_016,143,1978-10-10_SECTION_016_143.txt,2000,200,200,"October 10, 1978",,
1978-10-10_SECTION_016_144,SECTION_016,144,1978-10-10_SECTION_016_144.txt,2000,200,200,"October 10, 1978",,
1978-10-10_SECTION_016_145,SECTION_016,145,1978-10-10_SECTION_016_145.txt,2000,200,200,"October 10, 1978",,
1978-10-10_SECTION_016_146,SECTION_016,146,1978-10-10_SECTION_016_146.txt,2000,200,200,"October 10, 1978",,
1978-10-10_SECTION_016_147,SECTION_016,147,1978-10-10_SECTION_016_147.txt,2000,200,200,"October 10, 1978",,
1978-10-10_SECTION_016_148,SECTION_016,148,1978-10-10_SECTION_016_148.txt,2000,200,200,"October 10, 1978",,
1978-10-10_SECTION_016_149,SECTION_016,149,1978-10-10_SECTION_016_149.txt,2000,200,200,"October 10, 1978",,
1978-10-10_SECTION_016_150,SECTION_016,150,1978-10-10_SECTION_016_150.txt,2000,200,200,"October 10, 1978",,
1978-10-10_SECTION_016_151,SECTION_016,151,1978-10-10_SECTION_016_151.txt,2000,200,200,"October 10, 1978",,
1978-10-10_SECTION_016_152,SECTION_016,152,1978-10-10_SECTION_016_152.txt,2000,200,200,"October 10, 1978",,
1978-10-10_SECTION_016_153,SECTION_016,153,1978-10-10_SECTION_016_153.txt,2000,200,200,"October 10, 1978",,
1978-10-10_SECTION_016_154,SECTION_016,154,1978-10-10_SECTION_016_154.txt,2000,200,200,"October 10, 1978",,
1978-10-10_SECTION_016_155,SECTION_016,155,1978-10-10_SECTION_016_155.txt,2000,200,200,"October 10, 1978",,
1978-10-10_SECTION_016_156,SECTION_016,156,1978-10-10_SECTION_016_156.txt,2000,200,200,"October 10, 1978",,
1978-10-10_SECTION_016_157,SECTION_016,157,1978-10-10_SECTION_016_157.txt,2000,200,200,"October 10, 1978",,
1978-10-10_SECTION_016_158,SECTION_016,158,1978-10-10_SECTION_016_158.txt,2000,200,200,"October 10, 1978",,
1978-10-10_SECTION_016_159,SECTION_016,159,1978-10-10_SECTION_016_159.txt,2000,200,200,"October 10, 1978",,
1978-10-10_SECTION_016_160,SECTION_016,160,1978-10-10_SECTION_016_160.txt,2000,200,200,"October 10, 1978",,
1978-10-10_SECTION_016_161,SECTION_016,161,1978-10-10_SECTION_016_161.txt,2000,200,200,"October 10, 1978",,
1978-10-10_SECTION_016_162,SECTION_016,162,1978-10-10_SECTION_016_162.txt,2000,200,200,"October 10, 1978",,
1978-10-10_SECTION_016_163,SECTION_016,163,1978-10-10_SECTION_016_163.txt,2000,200,200,"October 10, 1978",,
1978-10-10_SECTION_016_164,SECTION_016,164,1978-10-10_SECTION_016_164.txt,2000,200,200,"October 10, 1978",,
1978-10-10_SECTION_016_165,SECTION_016,165,1978-10-10_SECTION_016_165.txt,2000,200,200,"October 10, 1978",,
1978-10-10_SECTION_016_166,SECTION_016,166,1978-10-10_SECTION_016_166.txt,2000,200,200,"October 10, 1978",,
1978-10-10_SECTION_016_167,SECTION_016,167,1978-10-10_SECTION_016_167.txt,2000,200,200,"October 10, 1978",,
1978-10-10_SECTION_016_168,SECTION_016,168,1978-10-10_SECTION_016_168.txt,2000,200,200,"October 10, 1978",,
1978-10-10_SECTION_016_169,SECTION_016,169,1978-10-10_SECTION_016_169.txt,2000,200,200,"October 10, 1978",,
1978-10-10_SECTION_016_170,SECTION_016,170,1978-10-10_SECTION_016_170.txt,2000,200,200,"October 10, 1978",,
1978-10-10_SECTION_016_171,SECTION_016,171,1978-10-10_SECTION_016_171.txt,2000,200,200,"October 10, 1978",,
1978-10-10_SECTION_016_172,SECTION_016,172,1978-10-10_SECTION_016_172.txt,2000,200,200,"October 10, 1978",,
1978-10-10_SECTION_016_173,SECTION_016,173,1978-10-10_SECTION_016_173.txt,2000,200,200,"October 10, 1978",,
1978-10-10_SECTION_016_174,SECTION_016,174,1978-10-10_SECTION_016_174.txt,2000,200,200,"October 10, 1978",,
1978-10-10_SECTION_016_175,SECTION_016,175,1978-10-10_SECTION_016_175.txt,2000,200,200,"October 10, 1978",,
1978-10-10_SECTION_016_176,SECTION_016,176,1978-10-10_SECTION_016_176.txt,2000,200,200,"October 10, 1978",,
1978-10-10_SECTION_016_177,SECTION_016,177,1978-10-10_SECTION_016_177.txt,2000,200,200,"October 10, 1978",,
1978-10-10_SECTION_016_178,SECTION_016,178,1978-10-10_SECTION_016_178.txt,2000,200,200,"October 10, 1978",,
1978-10-10_SECTION_016_179,SECTION_016,179,1978-10-10_SECTION_016_179.txt,2000,200,200,"October 10, 1978",,
1978-10-10_SECTION_016_180,SECTION_016,180,1978-10-10_SECTION_016_180.txt,2000,200,200,"October 10, 1978",,
1978-10-10_SECTION_016_181,SECTION_016,181,1978-10-10_SECTION_016_181.txt,2000,200,200,"October 10, 1978",,
1978-10-10_SECTION_016_182,SECTION_016,182,1978-10-10_SECTION_016_182.txt,2000,200,200,"October 10, 1978",,
1978-10-10_SECTION_016_183,SECTION_016,183,1978-10-10_SECTION_016_183.txt,2000,200,200,"October 10, 1978",,
1978-10-10_SECTION_016_184,SECTION_016,184,1978-10-10_SECTION_016_184.txt,2000,200,200,"October 10, 1978",,
1978-10-10_SECTION_016_185,SECTION_016,185,1978-10-10_SECTION_016_185.txt,2000,200,200,"October 10, 1978",,
1978-10-10_SECTION_016_186,SECTION_016,186,1978-10-10_SECTION_016_186.txt,2000,200,200,"October 10, 1978",,
1978-10-10_SECTION_016_187,SECTION_016,187,1978-10-10_SECTION_016_187.txt,2000,200,200,"October 10, 1978",,
1978-10-10_SECTION_016_188,SECTION_016,188,1978-10-10_SECTION_016_188.txt,2000,200,200,"October 10, 1978",,
1978-10-10_SECTION_016_189,SECTION_016,189,1978-10-10_SECTION_016_189.txt,2000,200,200,"October 10, 1978",,
1978-10-10_SECTION_016_190,SECTION_016,190,1978-10-10_SECTION_016_190.txt,2000,200,200,"October 10, 1978",,
1978-10-10_SECTION_016_191,SECTION_016,191,1978-10-10_SECTION_016_191.txt,2000,200,200,"October 10, 1978",,
1978-10-10_SECTION_016_192,SECTION_016,192,1978-10-10_SECTION_016_192.txt,2000,200,200,"October 10, 1978",,
1978-10-10_SECTION_016_193,SECTION_016,193,1978-10-10_SECTION_016_193.txt,2000,200,200,"October 10, 1978",,
1978-10-10_SECTION_016_194,SECTION_016,194,1978-10-10_SECTION_016_194.txt,2000,200,200,"October 10, 1978",,
1978-10-10_SECTION_016_195,SECTION_016,195,1978-10-10_SECTION_016_195.txt,2000,200,200,"October 10, 1978",,
1978-10-10_SECTION_016_196,SECTION_016,196,1978-10-10_SECTION_016_196.txt,2000,200,200,"October 10, 1978",,
1978-10-10_SECTION_016_197,SECTION_016,197,1978-10-10_SECTION_016_197.txt,2000,200,200,"October 10, 1978",,
1978-10-10_SECTION_016_198,SECTION_016,198,1978-10-10_SECTION_016_198.txt,2000,200,200,"October 10, 1978",,
1978-10-10_SECTION_016_199,SECTION_016,199,1978-10-10_SECTION_016_199.txt,2000,200,200,"October 10, 1978",,
1978-10-10_SECTION_016_200,SECTION_016,200,1978-10-10_SECTION_016_200.txt,2000,200,200,"October 10, 1978",,
1978-10-10_SECTION_016_201,SECTION_016,201,1978-10-10_SECTION_016_201.txt,2000,200,200,"October 10, 1978",,
1978-10-10_SECTION_016_202,SECTION_016,202,1978-10-10_SECTION_016_202.txt,2000,200,200,"October 10, 1978",,
1978-10-10_SECTION_016_203,SECTION_016,203,1978-10-10_SECTION_016_203.txt,2000,200,200,"October 10, 1978",,
1978-10-10_SECTION_016_204,SECTION_016,204,1978-10-10_SECTION_016_204.txt,2000,200,200,"October 10, 1978",,
1978-10-10_SECTION_016_205,SECTION_016,205,1978-10-10_SECTION_016_205.txt,2000,200,200,"October 10, 1978",,
1978-10-10_SECTION_016_206,SECTION_016,206,1978-10-10_SECTION_016_206.txt,2000,200,200,"October 10, 1978",,
1978-10-10_SECTION_016_207,SECTION_016,207,1978-10-10_SECTION_016_207.txt,2000,200,200,"October 10, 1978",,
1978-10-10_SECTION_016_208,SECTION_016,208,1978-10-10_SECTION_016_208.txt,2000,200,200,"October 10, 1978",,
1978-10-10_SECTION_016_209,SECTION_016,209,1978-10-10_SECTION_016_209.txt,2000,200,200,"October 10, 1978",,
1978-10-10_SECTION_016_210,SECTION_016,210,1978-10-10_SECTION_016_210.txt,2000,200,200,"October 10, 1978",,
1978-10-10_SECTION_016_211,SECTION_016,211,1978-10-10_SECTION_016_211.txt,2000,200,200,"October 10, 1978",,
1978-10-10_SECTION_016_212,SECTION_016,212,1978-10-10_SECTION_016_212.txt,2000,200,200,"October 10, 1978",,
1978-10-10_SECTION_016_213,SECTION_016,213,1978-10-10_SECTION_016_213.txt,2000,200,200,"October 10, 1978",,
1978-10-10_SECTION_016_214,SECTION_016,214,1978-10-10_SECTION_016_214.txt,2000,200,200,"October 10, 1978",,
1978-10-10_SECTION_016_215,SECTION_016,215,1978-10-10_SECTION_016_215.txt,2000,200,200,"October 10, 1978",,
1978-10-10_SECTION_016_216,SECTION_016,216,1978-10-10_SECTION_016_216.txt,2000,200,200,"October 10, 1978",,
1978-10-10_SECTION_016_217,SECTION_016,217,1978-10-10_SECTION_016_217.txt,2000,200,200,"October 10, 1978",,
1978-10-10_SECTION_016_218,SECTION_016,218,1978-10-10_SECTION_016_218.txt,2000,200,200,"October 10, 1978",,
1978-10-10_SECTION_016_219,SECTION_016,219,1978-10-10_SECTION_016_219.txt,2000,200,200,"October 10, 1978",,
1978-10-10_SECTION_016_220,SECTION_016,220,1978-10-10_SECTION_016_220.txt,2000,200,200,"October 10, 1978",,
1978-10-10_SECTION_016_221,SECTION_016,221,1978-10-10_SECTION_016_221.txt,2000,200,200,"October 10, 1978",,
1978-10-10_SECTION_016_222,SECTION_016,222,1978-10-10_SECTION_016_222.txt,2000,200,200,"October 10, 1978",,
1978-10-10_SECTION_016_223,SECTION_016,223,1978-10-10_SECTION_016_223.txt,2000,200,200,"October 10, 1978",,
1978-10-10_SECTION_016_224,SECTION_016,224,1978-10-10_SECTION_016_224.txt,2000,200,200,"October 10, 1978",,
1978-10-10_SECTION_016_225,SECTION_016,225,1978-10-10_SECTION_016_225.txt,2000,200,200,"October 10, 1978",,
1978-10-10_SECTION_016_226,SECTION_016,226,1978-10-10_SECTION_016_226.txt,2000,200,200,"October 10, 1978",,
1978-10-10_SECTION_016_227,SECTION_016,227,1978-10-10_SECTION_016_227.txt,2000,200,200,"October 10, 1978",,
1978-10-10_SECTION_016_228,SECTION_016,228,1978-10-10_SECTION_016_228.txt,2000,200,200,"October 10, 1978",,
1978-10-10_SECTION_016_229,SECTION_016,229,1978-10-10_SECTION_016_229.txt,2000,200,200,"October 10, 1978",,
1978-10-10_SECTION_016_230,SECTION_016,230,1978-10-10_SECTION_016_230.txt,2000,200,200,"October 10, 1978",,
1978-10-10_SECTION_016_231,SECTION_016,231,1978-10-10_SECTION_016_231.txt,2000,200,200,"October 10, 1978",,
1978-10-10_SECTION_016_232,SECTION_016,232,1978-10-10_SECTION_016_232.txt,2000,200,200,"October 10, 1978",,
1978-10-10_SECTION_016_233,SECTION_016,233,1978-10-10_SECTION_016_233.txt,2000,200,200,"October 10, 1978",,
1978-10-10_SECTION_016_234,SECTION_016,234,1978-10-10_SECTION_016_234.txt,2000,200,200,"October 10, 1978",,
1978-10-10_SECTION_016_235,SECTION_016,235,1978-10-10_SECTION_016_235.txt,2000,200,200,"October 10, 1978",,
1978-10-10_SECTION_016_236,SECTION_016,236,1978-10-10_SECTION_016_236.txt,2000,200,200,"October 10, 1978",,
1978-10-10_SECTION_016_237,SECTION_016,237,1978-10-10_SECTION_016_237.txt,2000,200,200,"October 10, 1978",,
1978-10-10_SECTION_016_238,SECTION_016,238,1978-10-10_SECTION_016_238.txt,2000,200,200,"October 10, 1978",,
1978-10-10_SECTION_016_239,SECTION_016,239,1978-10-10_SECTION_016_239.txt,2000,200,200,"October 10, 1978",,
1978-10-10_SECTION_016_240,SECTION_016,240,1978-10-10_SECTION_016_240.txt,2000,200,200,"October 10, 1978",,
1978-10-10_SECTION_016_241,SECTION_016,241,1978-10-10_SECTION_016_241.txt,2000,200,200,"October 10, 1978",,
1978-10-10_SECTION_016_242,SECTION_016,242,1978-10-10_SECTION_016_242.txt,2000,200,200,"October 10, 1978",,
1978-10-10_SECTION_016_243,SECTION_016,243,1978-10-10_SECTION_016_243.txt,2000,200,200,"October 10, 1978",,
1978-10-10_SECTION_016_244,SECTION_016,244,1978-10-10_SECTION_016_244.txt,2000,200,200,"October 10, 1978",,
1978-10-10_SECTION_016_245,SECTION_016,245,1978-10-10_SECTION_016_245.txt,2000,200,200,"October 10, 1978",,
1978-10-10_SECTION_016_246,SECTION_016,246,1978-10-10_SECTION_016_246.txt,2000,200,200,"October 10, 1978",,
1978-10-10_SECTION_016_247,SECTION_016,247,1978-10-10_SECTION_016_247.txt,2000,200,200,"October 10, 1978",,
1978-10-10_SECTION_016_248,SECTION_016,248,1978-10-10_SECTION_016_248.txt,2000,200,200,"October 10, 1978",,
1978-10-10_SECTION_016_249,SECTION_016,249,1978-10-10_SECTION_016_249.txt,2000,200,200,"October 10, 1978",,
1978-10-10_SECTION_016_250,SECTION_016,250,1978-10-10_SECTION_016_250.txt,2000,200,200,"October 10, 1978",,
1978-10-10_SECTION_016_251,SECTION_016,251,1978-10-10_SECTION_016_251.txt,2000,200,200,"October 10, 1978",,
1978-10-10_SECTION_016_252,SECTION_016,252,1978-10-10_SECTION_016_252.txt,2000,200,200,"October 10, 1978",,
1978-10-10_SECTION_016_253,SECTION_016,253,1978-10-10_SECTION_016_253.txt,2000,200,200,"October 10, 1978",,
1978-10-10_SECTION_016_254,SECTION_016,254,1978-10-10_SECTION_016_254.txt,2000,200,200,"October 10, 1978",,
1978-10-10_SECTION_016_255,SECTION_016,255,1978-10-10_SECTION_016_255.txt,2000,200,200,"October 10, 1978",,
1978-10-10_SECTION_016_256,SECTION_016,256,1978-10-10_SECTION_016_256.txt,2000,200,200,"October 10, 1978",,
1978-10-10_SECTION_016_257,SECTION_016,257,1978-10-10_SECTION_016_257.txt,2000,200,200,"October 10, 1978",,
1978-10-10_SECTION_016_258,SECTION_016,258,1978-10-10_SECTION_016_258.txt,2000,200,200,"October 10, 1978",,
1978-10-10_SECTION_016_259,SECTION_016,259,1978-10-10_SECTION_016_259.txt,2000,200,200,"October 10, 1978",,
1978-10-10_SECTION_016_260,SECTION_016,260,1978-10-10_SECTION_016_260.txt,2000,200,200,"October 10, 1978",,
1978-10-10_SECTION_016_261,SECTION_016,261,1978-10-10_SECTION_016_261.txt,2000,200,200,"October 10, 1978",,
1978-10-10_SECTION_016_262,SECTION_016,262,1978-10-10_SECTION_016_262.txt,2000,200,200,"October 10, 1978",,
1978-10-10_SECTION_016_263,SECTION_016,263,1978-10-10_SECTION_016_263.txt,2000,200,200,"October 10, 1978",,
1978-10-10_SECTION_016_264,SECTION_016,264,1978-10-10_SECTION_016_264.txt,2000,200,200,"October 10, 1978",,
1978-10-10_SECTION_016_265,SECTION_016,265,1978-10-10_SECTION_016_265.txt,2000,200,200,"October 10, 1978",,
1978-10-10_SECTION_016_266,SECTION_016,266,1978-10-10_SECTION_016_266.txt,2000,200,200,"October 10, 1978",,
1978-10-10_SECTION_016_267,SECTION_016,267,1978-10-10_SECTION_016_267.txt,2000,200,200,"October 10, 1978",,
1978-10-10_SECTION_016_268,SECTION_016,268,1978-10-10_SECTION_016_268.txt,2000,200,200,"October 10, 1978",,
1978-10-10_SECTION_016_269,SECTION_016,269,1978-10-10_SECTION_016_269.txt,2000,200,200,"October 10, 1978",,
1978-10-10_SECTION_016_270,SECTION_016,270,1978-10-10_SECTION_016_270.txt,2000,200,200,"October 10, 1978",,
1978-10-10_SECTION_016_271,SECTION_016,271,1978-10-10_SECTION_016_271.txt,2000,200,200,"October 10, 1978",,
1978-10-10_SECTION_016_272,SECTION_016,272,1978-10-10_SECTION_016_272.txt,2000,200,200,"October 10, 1978",,
1978-10-10_SECTION_016_273,SECTION_016,273,1978-10-10_SECTION_016_273.txt,2000,200,200,"October 10, 1978",,
1978-10-10_SECTION_016_274,SECTION_016,274,1978-10-10_SECTION_016_274.txt,2000,200,200,"October 10, 1978",,
1978-10-10_SECTION_016_275,SECTION_016,275,1978-10-10_SECTION_016_275.txt,2000,200,200,"October 10, 1978",,
1978-10-10_SECTION_016_276,SECTION_016,276,1978-10-10_SECTION_016_276.txt,2000,200,200,"October 10, 1978",,
1978-10-10_SECTION_016_277,SECTION_016,277,1978-10-10_SECTION_016_277.txt,2000,200,200,"October 10, 1978",,
1978-10-10_SECTION_016_278,SECTION_016,278,1978-10-10_SECTION_016_278.txt,2000,200,200,"October 10, 1978",,
1978-10-10_SECTION_016_279,SECTION_016,279,1978-10-10_SECTION_016_279.txt,2000,200,200,"October 10, 1978",,
1978-10-10_SECTION_016_280,SECTION_016,280,1978-10-10_SECTION_016_280.txt,2000,200,200,"October 10, 1978",,
1978-10-10_SECTION_016_281,SECTION_016,281,1978-10-10_SECTION_016_281.txt,2000,200,200,"October 10, 1978",,
1978-10-10_SECTION_016_282,SECTION_016,282,1978-10-10_SECTION_016_282.txt,2000,200,200,"October 10, 1978",,
1978-10-10_SECTION_016_283,SECTION_016,283,1978-10-10_SECTION_016_283.txt,2000,200,200,"October 10, 1978",,
1978-10-10_SECTION_016_284,SECTION_016,284,1978-10-10_SECTION_016_284.txt,2000,200,200,"October 10, 1978",,
1978-10-10_SECTION_016_285,SECTION_016,285,1978-10-10_SECTION_016_285.txt,2000,200,200,"October 10, 1978",,
1978-10-10_SECTION_016_286,SECTION_016,286,1978-10-10_SECTION_016_286.txt,2000,200,200,"October 10, 1978",,
1978-10-10_SECTION_016_287,SECTION_016,287,1978-10-10_SECTION_016_287.txt,2000,200,200,"October 10, 1978",,
1978-10-10_SECTION_016_288,SECTION_016,288,1978-10-10_SECTION_016_288.txt,2000,200,200,"October 10, 1978",,
1978-10-10_SECTION_016_289,SECTION_016,289,1978-10-10_SECTION_016_289.txt,2000,200,200,"October 10, 1978",,
1978-10-10_SECTION_016_290,SECTION_016,290,1978-10-10_SECTION_016_290.txt,2000,200,200,"October 10, 1978",,
1978-10-10_SECTION_016_291,SECTION_016,291,1978-10-10_SECTION_016_291.txt,2000,200,200,"October 10, 1978",,
1978-10-10_SECTION_016_292,SECTION_016,292,1978-10-10_SECTION_016_292.txt,2000,200,200,"October 10, 1978",,
1978-10-10_SECTION_016_293,SECTION_016,293,1978-10-10_SECTION_016_293.txt,2000,200,200,"October 10, 1978",,
1978-10-10_SECTION_016_294,SECTION_016,294,1978-10-10_SECTION_016_294.txt,2000,200,200,"October 10, 1978",,
1978-10-10_SECTION_016_295,SECTION_016,295,1978-10-10_SECTION_016_295.txt,2000,200,200,"October 10, 1978",,
1978-10-10_SECTION_016_296,SECTION_016,296,1978-10-10_SECTION_016_296.txt,2000,200,200,"October 10, 1978",,
1978-10-10_SECTION_016_297,SECTION_016,297,1978-10-10_SECTION_016_297.txt,2000,200,200,"October 10, 1978",,
1978-10-10_SECTION_016_298,SECTION_016,298,1978-10-10_SECTION_016_298.txt,2000,200,200,"October 10, 1978",,
1978-10-10_SECTION_016_299,SECTION_016,299,1978-10-10_SECTION_016_299.txt,2000,200,200,"October 10, 1978",,
1978-10-10_SECTION_016_300,SECTION_016,300,1978-10-10_SECTION_016_300.txt,2000,200,200,"October 10, 1978",,
1978-10-10_SECTION_016_301,SECTION_016,301,1978-10-10_SECTION_016_301.txt,2000,200,200,"October 10, 1978",,
1978-10-10_SECTION_016_302,SECTION_016,302,1978-10-10_SECTION_016_302.txt,2000,200,200,"October 10, 1978",,
1978-10-10_SECTION_016_303,SECTION_016,303,1978-10-10_SECTION_016_303.txt,2000,200,200,"October 10, 1978",,
1978-10-10_SECTION_016_304,SECTION_016,304,1978-10-10_SECTION_016_304.txt,2000,200,200,"October 10, 1978",,
1978-10-10_SECTION_016_305,SECTION_016,305,1978-10-10_SECTION_016_305.txt,2000,200,200,"October 10, 1978",,
1978-10-10_SECTION_016_306,SECTION_016,306,1978-10-10_SECTION_016_306.txt,2000,200,200,"October 10, 1978",,
1978-10-10_SECTION_016_307,SECTION_016,307,1978-10-10_SECTION_016_307.txt,2000,200,200,"October 10, 1978",,
1978-10-10_SECTION_016_308,SECTION_016,308,1978-10-10_SECTION_016_308.txt,2000,200,200,"October 10, 1978",,
1978-10-10_SECTION_016_309,SECTION_016,309,1978-10-10_SECTION_016_309.txt,2000,200,200,"October 10, 1978",,
1978-10-10_SECTION_016_310,SECTION_016,310,1978-10-10_SECTION_016_310.txt,2000,200,200,"October 10, 1978",,
1978-10-10_SECTION_016_311,SECTION_016,311,1978-10-10_SECTION_016_311.txt,2000,200,200,"October 10, 1978",,
1978-10-10_SECTION_016_312,SECTION_016,312,1978-10-10_SECTION_016_312.txt,2000,200,200,"October 10, 1978",,
1978-10-10_SECTION_016_313,SECTION_016,313,1978-10-10_SECTION_016_313.txt,2000,200,200,"October 10, 1978",,
1978-10-10_SECTION_016_314,SECTION_016,314,1978-10-10_SECTION_016_314.txt,2000,200,200,"October 10, 1978",,
1978-10-10_SECTION_016_315,SECTION_016,315,1978-10-10_SECTION_016_315.txt,2000,200,200,"October 10, 1978",,
1978-10-10_SECTION_016_316,SECTION_016,316,1978-10-10_SECTION_016_316.txt,2000,200,200,"October 10, 1978",,
1978-10-10_SECTION_016_317,SECTION_016,317,1978-10-10_SECTION_016_317.txt,2000,200,200,"October 10, 1978",,
1978-10-10_SECTION_016_318,SECTION_016,318,1978-10-10_SECTION_016_318.txt,2000,200,200,"October 10, 1978",,
1978-10-10_SECTION_016_319,SECTION_016,319,1978-10-10_SECTION_016_319.txt,2000,200,200,"October 10, 1978",,
1978-10-10_SECTION_016_320,SECTION_016,320,1978-10-10_SECTION_016_320.txt,2000,200,200,"October 10, 1978",,
1978-10-10_SECTION_016_321,SECTION_016,321,1978-10-10_SECTION_016_321.txt,2000,200,200,"October 10, 1978",,
1978-10-10_SECTION_016_322,SECTION_016,322,1978-10-10_SECTION_016_322.txt,2000,200,200,"October 10, 1978",,
1978-10-10_SECTION_016_323,SECTION_016,323,1978-10-10_SECTION_016_323.txt,2000,200,200,"October 10, 1978",,
1978-10-10_SECTION_016_324,SECTION_016,324,1978-10-10_SECTION_016_324.txt,2000,200,200,"October 10, 1978",,
1978-10-10_SECTION_016_325,SECTION_016,325,1978-10-10_SECTION_016_325.txt,2000,200,200,"October 10, 1978",,
1978-10-10_SECTION_016_326,SECTION_016,326,1978-10-10_SECTION_016_326.txt,2000,200,200,"October 10, 1978",,
1978-10-10_SECTION_016_327,SECTION_016,327,1978-10-10_SECTION_016_327.txt,2000,200,200,"October 10, 1978",,
1978-10-10_SECTION_016_328,SECTION_016,328,1978-10-10_SECTION_016_328.txt,2000,200,200,"October 10, 1978",,
1978-10-10_SECTION_016_329,SECTION_016,329,1978-10-10_SECTION_016_329.txt,2000,200,200,"October 10, 1978",,
1978-10-10_SECTION_016_330,SECTION_016,330,1978-10-10_SECTION_016_330.txt,2000,200,200,"October 10, 1978",,
1978-10-10_SECTION_016_331,SECTION_016,331,1978-10-10_SECTION_016_331.txt,2000,200,200,"October 10, 1978",,
1978-10-10_SECTION_016_332,SECTION_016,332,1978-10-10_SECTION_016_332.txt,2000,200,200,"October 10, 1978",,
1978-10-10_SECTION_016_333,SECTION_016,333,1978-10-10_SECTION_016_333.txt,2000,200,200,"October 10, 1978",,
1978-10-10_SECTION_016_334,SECTION_016,334,1978-10-10_SECTION_016_334.txt,2000,200,200,"October 10, 1978",,
1978-10-10_SECTION_016_335,SECTION_016,335,1978-10-10_SECTION_016_335.txt,2000,200,200,"October 10, 1978",,
1978-10-10_SECTION_016_336,SECTION_016,336,1978-10-10_SECTION_016_336.txt,2000,200,200,"October 10, 1978",,
1978-10-10_SECTION_016_337,SECTION_016,337,1978-10-10_SECTION_016_337.txt,2000,200,200,"October 10, 1978",,
1978-10-10_SECTION_016_338,SECTION_016,338,1978-10-10_SECTION_016_338.txt,2000,200,200,"October 10, 1978",,
1978-10-10_SECTION_016_339,SECTION_016,339,1978-10-10_SECTION_016_339.txt,2000,200,200,"October 10, 1978",,
1978-10-10_SECTION_016_340,SECTION_016,340,1978-10-10_SECTION_016_340.txt,2000,200,200,"October 10, 1978",,
1978-10-10_SECTION_016_341,SECTION_016,341,1978-10-10_SECTION_016_341.txt,2000,200,200,"October 10, 1978",,
1978-10-10_SECTION_016_342,SECTION_016,342,1978-10-10_SECTION_016_342.txt,2000,200,200,"October 10, 1978",,
1978-10-10_SECTION_016_343,SECTION_016,343,1978-10-10_SECTION_016_343.txt,2000,200,200,"October 10, 1978",,
1978-10-10_SECTION_016_344,SECTION_016,344,1978-10-10_SECTION_016_344.txt,2000,200,200,"October 10, 1978",,
1978-10-10_SECTION_016_345,SECTION_016,345,1978-10-10_SECTION_016_345.txt,2000,200,200,"October 10, 1978",,
1978-10-10_SECTION_016_346,SECTION_016,346,1978-10-10_SECTION_016_346.txt,2000,200,200,"October 10, 1978",,
1978-10-10_SECTION_016_347,SECTION_016,347,1978-10-10_SECTION_016_347.txt,2000,200,200,"October 10, 1978",,
1978-10-10_SECTION_016_348,SECTION_016,348,1978-10-10_SECTION_016_348.txt,2000,200,200,"October 10, 1978",,
1978-10-10_SECTION_016_349,SECTION_016,349,1978-10-10_SECTION_016_349.txt,2000,200,200,"October 10, 1978",,
1978-10-10_SECTION_016_350,SECTION_016,350,1978-10-10_SECTION_016_350.txt,2000,200,200,"October 10, 1978",,
1978-10-10_SECTION_016_351,SECTION_016,351,1978-10-10_SECTION_016_351.txt,2000,200,200,"October 10, 1978",,
1978-10-10_SECTION_016_352,SECTION_016,352,1978-10-10_SECTION_016_352.txt,2000,200,200,"October 10, 1978",,
1978-10-10_SECTION_016_353,SECTION_016,353,1978-10-10_SECTION_016_353.txt,2000,200,200,"October 10, 1978",,
1978-10-10_SECTION_016_354,SECTION_016,354,1978-10-10_SECTION_016_354.txt,2000,200,200,"October 10, 1978",,
1978-10-10_SECTION_016_355,SECTION_016,355,1978-10-10_SECTION_016_355.txt,2000,200,200,"October 10, 1978",,
1978-10-10_SECTION_016_356,SECTION_016,356,1978-10-10_SECTION_016_356.txt,2000,200,200,"October 10, 1978",,
1978-10-10_SECTION_016_357,SECTION_016,357,1978-10-10_SECTION_016_357.txt,2000,200,200,"October 10, 1978",,
1978-10-10_SECTION_016_358,SECTION_016,358,1978-10-10_SECTION_016_358.txt,2000,200,200,"October 10, 1978",,
1978-10-10_SECTION_016_359,SECTION_016,359,1978-10-10_SECTION_016_359.txt,2000,200,200,"October 10, 1978",,
1978-10-10_SECTION_016_360,SECTION_016,360,1978-10-10_SECTION_016_360.txt,2000,200,200,"October 10, 1978",,
1978-10-10_SECTION_016_361,SECTION_016,361,1978-10-10_SECTION_016_361.txt,2000,200,200,"October 10, 1978",,
1978-10-10_SECTION_016_362,SECTION_016,362,1978-10-10_SECTION_016_362.txt,2000,200,200,"October 10, 1978",,
1978-10-10_SECTION_016_363,SECTION_016,363,1978-10-10_SECTION_016_363.txt,2000,200,200,"October 10, 1978",,
1978-10-10_SECTION_016_364,SECTION_016,364,1978-10-10_SECTION_016_364.txt,998,200,0,"October 10, 1978",,
1981-04-16_Pat_01,SECTION_017,1,1981-04-16_Pat_01.txt,2000,0,200,"April 16, 1981",Pat,
1981-04-16_Pat_02,SECTION_017,2,1981-04-16_Pat_02.txt,2000,200,200,"April 16, 1981",Pat,
1981-04-16_Pat_03,SECTION_017,3,1981-04-16_Pat_03.txt,2000,200,200,"April 16, 1981",Pat,
1981-04-16_Pat_04,SECTION_017,4,1981-04-16_Pat_04.txt,2000,200,200,"April 16, 1981",Pat,
1981-04-16_Pat_05,SECTION_017,5,1981-04-16_Pat_05.txt,2000,200,200,"April 16, 1981",Pat,
1981-04-16_Pat_06,SECTION_017,6,1981-04-16_Pat_06.txt,2000,200,200,"April 16, 1981",Pat,
1981-04-16_Pat_07,SECTION_017,7,1981-04-16_Pat_07.txt,2000,200,200,"April 16, 1981",Pat,
1981-04-16_Pat_08,SECTION_017,8,1981-04-16_Pat_08.txt,2000,200,200,"April 16, 1981",Pat,
1981-04-16_Pat_09,SECTION_017,9,1981-04-16_Pat_09.txt,2000,200,200,"April 16, 1981",Pat,
1981-04-16_Pat_10,SECTION_017,10,1981-04-16_Pat_10.txt,2000,200,200,"April 16, 1981",Pat,
1981-04-16_Pat_11,SECTION_017,11,1981-04-16_Pat_11.txt,2000,200,200,"April 16, 1981",Pat,
1981-04-16_Pat_12,SECTION_017,12,1981-04-16_Pat_12.txt,2000,200,200,"April 16, 1981",Pat,
1981-04-16_Pat_13,SECTION_017,13,1981-04-16_Pat_13.txt,2000,200,200,"April 16, 1981",Pat,
1981-04-16_Pat_14,SECTION_017,14,1981-04-16_Pat_14.txt,2000,200,200,"April 16, 1981",Pat,
1981-04-16_Pat_15,SECTION_017,15,1981-04-16_Pat_15.txt,2000,200,200,"April 16, 1981",Pat,
1981-04-16_Pat_16,SECTION_017,16,1981-04-16_Pat_16.txt,2000,200,200,"April 16, 1981",Pat,
1981-04-16_Pat_17,SECTION_017,17,1981-04-16_Pat_17.txt,2000,200,200,"April 16, 1981",Pat,
1981-04-16_Pat_18,SECTION_017,18,1981-04-16_Pat_18.txt,2000,200,200,"April 16, 1981",Pat,
1981-04-16_Pat_19,SECTION_017,19,1981-04-16_Pat_19.txt,2000,200,200,"April 16, 1981",Pat,
1981-04-16_Pat_20,SECTION_017,20,1981-04-16_Pat_20.txt,2000,200,200,"April 16, 1981",Pat,
1981-04-16_Pat_21,SECTION_017,21,1981-04-16_Pat_21.txt,2000,200,200,"April 16, 1981",Pat,
1981-04-16_Pat_22,SECTION_017,22,1981-04-16_Pat_22.txt,2000,200,200,"April 16, 1981",Pat,
1981-04-16_Pat_23,SECTION_017,23,1981-04-16_Pat_23.txt,2000,200,200,"April 16, 1981",Pat,
1981-04-16_Pat_24,SECTION_017,24,1981-04-16_Pat_24.txt,2000,200,200,"April 16, 1981",Pat,
1981-04-16_Pat_25,SECTION_017,25,1981-04-16_Pat_25.txt,2000,200,200,"April 16, 1981",Pat,
1981-04-16_Pat_26,SECTION_017,26,1981-04-16_Pat_26.txt,2000,200,200,"April 16, 1981",Pat,
1981-04-16_Pat_27,SECTION_017,27,1981-04-16_Pat_27.txt,2000,200,200,"April 16, 1981",Pat,
1981-04-16_Pat_28,SECTION_017,28,1981-04-16_Pat_28.txt,2000,200,200,"April 16, 1981",Pat,
1981-04-16_Pat_29,SECTION_017,29,1981-04-16_Pat_29.txt,2000,200,200,"April 16, 1981",Pat,
1981-04-16_Pat_30,SECTION_017,30,1981-04-16_Pat_30.txt,2000,200,200,"April 16, 1981",Pat,
1981-04-16_Pat_31,SECTION_017,31,1981-04-16_Pat_31.txt,2000,200,200,"April 16, 1981",Pat,
1981-04-16_Pat_32,SECTION_017,32,1981-04-16_Pat_32.txt,2000,200,200,"April 16, 1981",Pat,
1981-04-16_Pat_33,SECTION_017,33,1981-04-16_Pat_33.txt,2000,200,200,"April 16, 1981",Pat,
1981-04-16_Pat_34,SECTION_017,34,1981-04-16_Pat_34.txt,2000,200,200,"April 16, 1981",Pat,
1981-04-16_Pat_35,SECTION_017,35,1981-04-16_Pat_35.txt,2000,200,200,"April 16, 1981",Pat,
1981-04-16_Pat_36,SECTION_017,36,1981-04-16_Pat_36.txt,2000,200,200,"April 16, 1981",Pat,
1981-04-16_Pat_37,SECTION_017,37,1981-04-16_Pat_37.txt,2000,200,200,"April 16, 1981",Pat,
1981-04-16_Pat_38,SECTION_017,38,1981-04-16_Pat_38.txt,2000,200,200,"April 16, 1981",Pat,
1981-04-16_Pat_39,SECTION_017,39,1981-04-16_Pat_39.txt,2000,200,200,"April 16, 1981",Pat,
1981-04-16_Pat_40,SECTION_017,40,1981-04-16_Pat_40.txt,2000,200,200,"April 16, 1981",Pat,
1981-04-16_Pat_41,SECTION_017,41,1981-04-16_Pat_41.txt,2000,200,200,"April 16, 1981",Pat,
1981-04-16_Pat_42,SECTION_017,42,1981-04-16_Pat_42.txt,2000,200,200,"April 16, 1981",Pat,
1981-04-16_Pat_43,SECTION_017,43,1981-04-16_Pat_43.txt,2000,200,200,"April 16, 1981",Pat,
1981-04-16_Pat_44,SECTION_017,44,1981-04-16_Pat_44.txt,2000,200,200,"April 16, 1981",Pat,
1981-04-16_Pat_45,SECTION_017,45,1981-04-16_Pat_45.txt,2000,200,200,"April 16, 1981",Pat,
1981-04-16_Pat_46,SECTION_017,46,1981-04-16_Pat_46.txt,2000,200,200,"April 16, 1981",Pat,
1981-04-16_Pat_47,SECTION_017,47,1981-04-16_Pat_47.txt,2000,200,200,"April 16, 1981",Pat,
1981-04-16_Pat_48,SECTION_017,48,1981-04-16_Pat_48.txt,2000,200,200,"April 16, 1981",Pat,
1981-04-16_Pat_49,SECTION_017,49,1981-04-16_Pat_49.txt,2000,200,200,"April 16, 1981",Pat,
1981-04-16_Pat_50,SECTION_017,50,1981-04-16_Pat_50.txt,2000,200,200,"April 16, 1981",Pat,
1981-04-16_Pat_51,SECTION_017,51,1981-04-16_Pat_51.txt,2000,200,200,"April 16, 1981",Pat,
1981-04-16_Pat_52,SECTION_017,52,1981-04-16_Pat_52.txt,2000,200,200,"April 16, 1981",Pat,
1981-04-16_Pat_53,SECTION_017,53,1981-04-16_Pat_53.txt,2000,200,200,"April 16, 1981",Pat,
1981-04-16_Pat_54,SECTION_017,54,1981-04-16_Pat_54.txt,2000,200,200,"April 16, 1981",Pat,
1981-04-16_Pat_55,SECTION_017,55,1981-04-16_Pat_55.txt,2000,200,200,"April 16, 1981",Pat,
1981-04-16_Pat_56,SECTION_017,56,1981-04-16_Pat_56.txt,2000,200,200,"April 16, 1981",Pat,
1981-04-16_Pat_57,SECTION_017,57,1981-04-16_Pat_57.txt,2000,200,200,"April 16, 1981",Pat,
1981-04-16_Pat_58,SECTION_017,58,1981-04-16_Pat_58.txt,2000,200,200,"April 16, 1981",Pat,
1981-04-16_Pat_59,SECTION_017,59,1981-04-16_Pat_59.txt,2000,200,200,"April 16, 1981",Pat,
1981-04-16_Pat_60,SECTION_017,60,1981-04-16_Pat_60.txt,2000,200,200,"April 16, 1981",Pat,
1981-04-16_Pat_61,SECTION_017,61,1981-04-16_Pat_61.txt,2000,200,200,"April 16, 1981",Pat,
1981-04-16_Pat_62,SECTION_017,62,1981-04-16_Pat_62.txt,2000,200,200,"April 16, 1981",Pat,
1981-04-16_Pat_63,SECTION_017,63,1981-04-16_Pat_63.txt,2000,200,200,"April 16, 1981",Pat,
1981-04-16_Pat_64,SECTION_017,64,1981-04-16_Pat_64.txt,2000,200,200,"April 16, 1981",Pat,
1981-04-16_Pat_65,SECTION_017,65,1981-04-16_Pat_65.txt,2000,200,200,"April 16, 1981",Pat,
1981-04-16_Pat_66,SECTION_017,66,1981-04-16_Pat_66.txt,2000,200,200,"April 16, 1981",Pat,
1981-04-16_Pat_67,SECTION_017,67,1981-04-16_Pat_67.txt,2000,200,200,"April 16, 1981",Pat,
1981-04-16_Pat_68,SECTION_017,68,1981-04-16_Pat_68.txt,2000,200,200,"April 16, 1981",Pat,
1981-04-16_Pat_69,SECTION_017,69,1981-04-16_Pat_69.txt,2000,200,200,"April 16, 1981",Pat,
1981-04-16_Pat_70,SECTION_017,70,1981-04-16_Pat_70.txt,2000,200,200,"April 16, 1981",Pat,
1981-04-16_Pat_71,SECTION_017,71,1981-04-16_Pat_71.txt,2000,200,200,"April 16, 1981",Pat,
1981-04-16_Pat_72,SECTION_017,72,1981-04-16_Pat_72.txt,2000,200,200,"April 16, 1981",Pat,
1981-04-16_Pat_73,SECTION_017,73,1981-04-16_Pat_73.txt,2000,200,200,"April 16, 1981",Pat,
1981-04-16_Pat_74,SECTION_017,74,1981-04-16_Pat_74.txt,2000,200,200,"April 16, 1981",Pat,
1981-04-16_Pat_75,SECTION_017,75,1981-04-16_Pat_75.txt,2000,200,200,"April 16, 1981",Pat,
1981-04-16_Pat_76,SECTION_017,76,1981-04-16_Pat_76.txt,2000,200,200,"April 16, 1981",Pat,
1981-04-16_Pat_77,SECTION_017,77,1981-04-16_Pat_77.txt,2000,200,200,"April 16, 1981",Pat,
1981-04-16_Pat_78,SECTION_017,78,1981-04-16_Pat_78.txt,2000,200,200,"April 16, 1981",Pat,
1981-04-16_Pat_79,SECTION_017,79,1981-04-16_Pat_79.txt,2000,200,200,"April 16, 1981",Pat,
1981-04-16_Pat_80,SECTION_017,80,1981-04-16_Pat_80.txt,2000,200,200,"April 16, 1981",Pat,
1981-04-16_Pat_81,SECTION_017,81,1981-04-16_Pat_81.txt,2000,200,200,"April 16, 1981",Pat,
1981-04-16_Pat_82,SECTION_017,82,1981-04-16_Pat_82.txt,2000,200,200,"April 16, 1981",Pat,
1981-04-16_Pat_83,SECTION_017,83,1981-04-16_Pat_83.txt,2000,200,200,"April 16, 1981",Pat,
1981-04-16_Pat_84,SECTION_017,84,1981-04-16_Pat_84.txt,2000,200,200,"April 16, 1981",Pat,
1981-04-16_Pat_85,SECTION_017,85,1981-04-16_Pat_85.txt,2000,200,200,"April 16, 1981",Pat,
1981-04-16_Pat_86,SECTION_017,86,1981-04-16_Pat_86.txt,2000,200,200,"April 16, 1981",Pat,
1981-04-16_Pat_87,SECTION_017,87,1981-04-16_Pat_87.txt,2000,200,200,"April 16, 1981",Pat,
1981-04-16_Pat_88,SECTION_017,88,1981-04-16_Pat_88.txt,2000,200,200,"April 16, 1981",Pat,
1981-04-16_Pat_89,SECTION_017,89,1981-04-16_Pat_89.txt,2000,200,200,"April 16, 1981",Pat,
1981-04-16_Pat_90,SECTION_017,90,1981-04-16_Pat_90.txt,2000,200,200,"April 16, 1981",Pat,
1981-04-16_Pat_91,SECTION_017,91,1981-04-16_Pat_91.txt,2000,200,200,"April 16, 1981",Pat,
1981-04-16_Pat_92,SECTION_017,92,1981-04-16_Pat_92.txt,2000,200,200,"April 16, 1981",Pat,
1981-04-16_Pat_93,SECTION_017,93,1981-04-16_Pat_93.txt,2000,200,200,"April 16, 1981",Pat,
1981-04-16_Pat_94,SECTION_017,94,1981-04-16_Pat_94.txt,2000,200,200,"April 16, 1981",Pat,
1981-04-16_Pat_95,SECTION_017,95,1981-04-16_Pat_95.txt,2000,200,200,"April 16, 1981",Pat,
1981-04-16_Pat_96,SECTION_017,96,1981-04-16_Pat_96.txt,2000,200,200,"April 16, 1981",Pat,
1981-04-16_Pat_97,SECTION_017,97,1981-04-16_Pat_97.txt,2000,200,200,"April 16, 1981",Pat,
1981-04-16_Pat_98,SECTION_017,98,1981-04-16_Pat_98.txt,2000,200,200,"April 16, 1981",Pat,
1981-04-16_Pat_99,SECTION_017,99,1981-04-16_Pat_99.txt,2000,200,200,"April 16, 1981",Pat,
1981-04-16_Pat_100,SECTION_017,100,1981-04-16_Pat_100.txt,2000,200,200,"April 16, 1981",Pat,
1981-04-16_Pat_101,SECTION_017,101,1981-04-16_Pat_101.txt,2000,200,200,"April 16, 1981",Pat,
1981-04-16_Pat_102,SECTION_017,102,1981-04-16_Pat_102.txt,2000,200,200,"April 16, 1981",Pat,
1981-04-16_Pat_103,SECTION_017,103,1981-04-16_Pat_103.txt,2000,200,200,"April 16, 1981",Pat,
1981-04-16_Pat_104,SECTION_017,104,1981-04-16_Pat_104.txt,2000,200,200,"April 16, 1981",Pat,
1981-04-16_Pat_105,SECTION_017,105,1981-04-16_Pat_105.txt,2000,200,200,"April 16, 1981",Pat,
1981-04-16_Pat_106,SECTION_017,106,1981-04-16_Pat_106.txt,2000,200,200,"April 16, 1981",Pat,
1981-04-16_Pat_107,SECTION_017,107,1981-04-16_Pat_107.txt,2000,200,200,"April 16, 1981",Pat,
1981-04-16_Pat_108,SECTION_017,108,1981-04-16_Pat_108.txt,2000,200,200,"April 16, 1981",Pat,
1981-04-16_Pat_109,SECTION_017,109,1981-04-16_Pat_109.txt,2000,200,200,"April 16, 1981",Pat,
1981-04-16_Pat_110,SECTION_017,110,1981-04-16_Pat_110.txt,2000,200,200,"April 16, 1981",Pat,
1981-04-16_Pat_111,SECTION_017,111,1981-04-16_Pat_111.txt,2000,200,200,"April 16, 1981",Pat,
1981-04-16_Pat_112,SECTION_017,112,1981-04-16_Pat_112.txt,2000,200,200,"April 16, 1981",Pat,
1981-04-16_Pat_113,SECTION_017,113,1981-04-16_Pat_113.txt,2000,200,200,"April 16, 1981",Pat,
1981-04-16_Pat_114,SECTION_017,114,1981-04-16_Pat_114.txt,2000,200,200,"April 16, 1981",Pat,
1981-04-16_Pat_115,SECTION_017,115,1981-04-16_Pat_115.txt,2000,200,200,"April 16, 1981",Pat,
1981-04-16_Pat_116,SECTION_017,116,1981-04-16_Pat_116.txt,2000,200,200,"April 16, 1981",Pat,
1981-04-16_Pat_117,SECTION_017,117,1981-04-16_Pat_117.txt,2000,200,200,"April 16, 1981",Pat,
1981-04-16_Pat_118,SECTION_017,118,1981-04-16_Pat_118.txt,2000,200,200,"April 16, 1981",Pat,
1981-04-16_Pat_119,SECTION_017,119,1981-04-16_Pat_119.txt,2000,200,200,"April 16, 1981",Pat,
1981-04-16_Pat_120,SECTION_017,120,1981-04-16_Pat_120.txt,2000,200,200,"April 16, 1981",Pat,
1981-04-16_Pat_121,SECTION_017,121,1981-04-16_Pat_121.txt,2000,200,200,"April 16, 1981",Pat,
1981-04-16_Pat_122,SECTION_017,122,1981-04-16_Pat_122.txt,2000,200,200,"April 16, 1981",Pat,
1981-04-16_Pat_123,SECTION_017,123,1981-04-16_Pat_123.txt,2000,200,200,"April 16, 1981",Pat,
1981-04-16_Pat_124,SECTION_017,124,1981-04-16_Pat_124.txt,2000,200,200,"April 16, 1981",Pat,
1981-04-16_Pat_125,SECTION_017,125,1981-04-16_Pat_125.txt,2000,200,200,"April 16, 1981",Pat,
1981-04-16_Pat_126,SECTION_017,126,1981-04-16_Pat_126.txt,2000,200,200,"April 16, 1981",Pat,
1981-04-16_Pat_127,SECTION_017,127,1981-04-16_Pat_127.txt,2000,200,200,"April 16, 1981",Pat,
1981-04-16_Pat_128,SECTION_017,128,1981-04-16_Pat_128.txt,2000,200,200,"April 16, 1981",Pat,
1981-04-16_Pat_129,SECTION_017,129,1981-04-16_Pat_129.txt,2000,200,200,"April 16, 1981",Pat,
1981-04-16_Pat_130,SECTION_017,130,1981-04-16_Pat_130.txt,2000,200,200,"April 16, 1981",Pat,
1981-04-16_Pat_131,SECTION_017,131,1981-04-16_Pat_131.txt,2000,200,200,"April 16, 1981",Pat,
1981-04-16_Pat_132,SECTION_017,132,1981-04-16_Pat_132.txt,2000,200,200,"April 16, 1981",Pat,
1981-04-16_Pat_133,SECTION_017,133,1981-04-16_Pat_133.txt,2000,200,200,"April 16, 1981",Pat,
1981-04-16_Pat_134,SECTION_017,134,1981-04-16_Pat_134.txt,2000,200,200,"April 16, 1981",Pat,
1981-04-16_Pat_135,SECTION_017,135,1981-04-16_Pat_135.txt,2000,200,200,"April 16, 1981",Pat,
1981-04-16_Pat_136,SECTION_017,136,1981-04-16_Pat_136.txt,2000,200,200,"April 16, 1981",Pat,
1981-04-16_Pat_137,SECTION_017,137,1981-04-16_Pat_137.txt,2000,200,200,"April 16, 1981",Pat,
1981-04-16_Pat_138,SECTION_017,138,1981-04-16_Pat_138.txt,2000,200,200,"April 16, 1981",Pat,
1981-04-16_Pat_139,SECTION_017,139,1981-04-16_Pat_139.txt,2000,200,200,"April 16, 1981",Pat,
1981-04-16_Pat_140,SECTION_017,140,1981-04-16_Pat_140.txt,2000,200,200,"April 16, 1981",Pat,
1981-04-16_Pat_141,SECTION_017,141,1981-04-16_Pat_141.txt,2000,200,200,"April 16, 1981",Pat,
1981-04-16_Pat_142,SECTION_017,142,1981-04-16_Pat_142.txt,2000,200,200,"April 16, 1981",Pat,
1981-04-16_Pat_143,SECTION_017,143,1981-04-16_Pat_143.txt,2000,200,200,"April 16, 1981",Pat,
1981-04-16_Pat_144,SECTION_017,144,1981-04-16_Pat_144.txt,2000,200,200,"April 16, 1981",Pat,
1981-04-16_Pat_145,SECTION_017,145,1981-04-16_Pat_145.txt,2000,200,200,"April 16, 1981",Pat,
1981-04-16_Pat_146,SECTION_017,146,1981-04-16_Pat_146.txt,2000,200,200,"April 16, 1981",Pat,
1981-04-16_Pat_147,SECTION_017,147,1981-04-16_Pat_147.txt,2000,200,200,"April 16, 1981",Pat,
1981-04-16_Pat_148,SECTION_017,148,1981-04-16_Pat_148.txt,2000,200,200,"April 16, 1981",Pat,
1981-04-16_Pat_149,SECTION_017,149,1981-04-16_Pat_149.txt,2000,200,200,"April 16, 1981",Pat,
1981-04-16_Pat_150,SECTION_017,150,1981-04-16_Pat_150.txt,2000,200,200,"April 16, 1981",Pat,
1981-04-16_Pat_151,SECTION_017,151,1981-04-16_Pat_151.txt,2000,200,200,"April 16, 1981",Pat,
1981-04-16_Pat_152,SECTION_017,152,1981-04-16_Pat_152.txt,2000,200,200,"April 16, 1981",Pat,
1981-04-16_Pat_153,SECTION_017,153,1981-04-16_Pat_153.txt,2000,200,200,"April 16, 1981",Pat,
1981-04-16_Pat_154,SECTION_017,154,1981-04-16_Pat_154.txt,2000,200,200,"April 16, 1981",Pat,
1981-04-16_Pat_155,SECTION_017,155,1981-04-16_Pat_155.txt,2000,200,200,"April 16, 1981",Pat,
1981-04-16_Pat_156,SECTION_017,156,1981-04-16_Pat_156.txt,2000,200,200,"April 16, 1981",Pat,
1981-04-16_Pat_157,SECTION_017,157,1981-04-16_Pat_157.txt,2000,200,200,"April 16, 1981",Pat,
1981-04-16_Pat_158,SECTION_017,158,1981-04-16_Pat_158.txt,2000,200,200,"April 16, 1981",Pat,
1981-04-16_Pat_159,SECTION_017,159,1981-04-16_Pat_159.txt,2000,200,200,"April 16, 1981",Pat,
1981-04-16_Pat_160,SECTION_017,160,1981-04-16_Pat_160.txt,2000,200,200,"April 16, 1981",Pat,
1981-04-16_Pat_161,SECTION_017,161,1981-04-16_Pat_161.txt,2000,200,200,"April 16, 1981",Pat,
1981-04-16_Pat_162,SECTION_017,162,1981-04-16_Pat_162.txt,2000,200,200,"April 16, 1981",Pat,
1981-04-16_Pat_163,SECTION_017,163,1981-04-16_Pat_163.txt,2000,200,200,"April 16, 1981",Pat,
1981-04-16_Pat_164,SECTION_017,164,1981-04-16_Pat_164.txt,2000,200,200,"April 16, 1981",Pat,
1981-04-16_Pat_165,SECTION_017,165,1981-04-16_Pat_165.txt,2000,200,200,"April 16, 1981",Pat,
1981-04-16_Pat_166,SECTION_017,166,1981-04-16_Pat_166.txt,2000,200,200,"April 16, 1981",Pat,
1981-04-16_Pat_167,SECTION_017,167,1981-04-16_Pat_167.txt,2000,200,200,"April 16, 1981",Pat,
1981-04-16_Pat_168,SECTION_017,168,1981-04-16_Pat_168.txt,2000,200,200,"April 16, 1981",Pat,
1981-04-16_Pat_169,SECTION_017,169,1981-04-16_Pat_169.txt,2000,200,200,"April 16, 1981",Pat,
1981-04-16_Pat_170,SECTION_017,170,1981-04-16_Pat_170.txt,2000,200,200,"April 16, 1981",Pat,
1981-04-16_Pat_171,SECTION_017,171,1981-04-16_Pat_171.txt,2000,200,200,"April 16, 1981",Pat,
1981-04-16_Pat_172,SECTION_017,172,1981-04-16_Pat_172.txt,2000,200,200,"April 16, 1981",Pat,
1981-04-16_Pat_173,SECTION_017,173,1981-04-16_Pat_173.txt,2000,200,200,"April 16, 1981",Pat,
1981-04-16_Pat_174,SECTION_017,174,1981-04-16_Pat_174.txt,2000,200,200,"April 16, 1981",Pat,
1981-04-16_Pat_175,SECTION_017,175,1981-04-16_Pat_175.txt,2000,200,200,"April 16, 1981",Pat,
1981-04-16_Pat_176,SECTION_017,176,1981-04-16_Pat_176.txt,2000,200,200,"April 16, 1981",Pat,
1981-04-16_Pat_177,SECTION_017,177,1981-04-16_Pat_177.txt,2000,200,200,"April 16, 1981",Pat,
1981-04-16_Pat_178,SECTION_017,178,1981-04-16_Pat_178.txt,2000,200,200,"April 16, 1981",Pat,
1981-04-16_Pat_179,SECTION_017,179,1981-04-16_Pat_179.txt,2000,200,200,"April 16, 1981",Pat,
1981-04-16_Pat_180,SECTION_017,180,1981-04-16_Pat_180.txt,2000,200,200,"April 16, 1981",Pat,
1981-04-16_Pat_181,SECTION_017,181,1981-04-16_Pat_181.txt,2000,200,200,"April 16, 1981",Pat,
1981-04-16_Pat_182,SECTION_017,182,1981-04-16_Pat_182.txt,2000,200,200,"April 16, 1981",Pat,
1981-04-16_Pat_183,SECTION_017,183,1981-04-16_Pat_183.txt,2000,200,200,"April 16, 1981",Pat,
1981-04-16_Pat_184,SECTION_017,184,1981-04-16_Pat_184.txt,2000,200,200,"April 16, 1981",Pat,
1981-04-16_Pat_185,SECTION_017,185,1981-04-16_Pat_185.txt,2000,200,200,"April 16, 1981",Pat,
1981-04-16_Pat_186,SECTION_017,186,1981-04-16_Pat_186.txt,2000,200,200,"April 16, 1981",Pat,
1981-04-16_Pat_187,SECTION_017,187,1981-04-16_Pat_187.txt,2000,200,200,"April 16, 1981",Pat,
1981-04-16_Pat_188,SECTION_017,188,1981-04-16_Pat_188.txt,1755,200,0,"April 16, 1981",Pat,
